Team,Seed,DRebs,DRPG,SCR MAR,AST,TO,Ratio,PTS,PPG,OPP FG,OPP FGA,OPP FG%,W,L,Win%,FT,FTA,FT%,FTA PG,Fouls,PFPG,DQ,Opp TO,TO PG,Opp 3FGA,Opp 3FG,Opp 3FG%,3FG,3FGA,3FGA PG,OPP PTS,OPP PPG,FGM,FGA,FG%,OPP REB,OPP RPG,REB MAR,ORebs,ORPG,3FG%,3FG PG,REB,RPG,FT PG
A&M-CC (Southland),16,881,25.17,6.9,536.0,448.0,1.2,"2,803",80.1,893,"1,995",44.8,24.0,11.0,68.6,593.0,749.0,79.2,21.4,665.0,19.0,12.0,529.0,15.11,860.0,288.0,33.5,268.0,736,21.0,"2,561",73.2,971,"2,152",45.1,"1,175",33.6,3.7,425.0,12.14,36.4,7.7,"1,306",37.31,16.9
Abilene Christian (WAC),,665,22.17,3.9,471.0,379.0,1.24,"2,249",75.0,727,"1,526",47.6,13.0,17.0,43.3,414.0,573.0,72.3,19.1,617.0,20.6,15.0,530.0,17.67,517.0,188.0,36.4,211.0,613,20.4,"2,133",71.1,812,"1,800",45.1,"1,008",33.6,-1.2,307.0,10.23,34.4,7.0,972,32.4,13.8
Air Force (Mountain West),,733,22.91,-0.1,491.0,391.0,1.26,"2,142",66.9,764,"1,718",44.5,14.0,18.0,43.8,369.0,511.0,72.2,16.0,544.0,17.0,6.0,352.0,11.0,566.0,166.0,29.3,261.0,733,22.9,"2,146",67.1,756,"1,636",46.2,"1,036",32.4,-2.8,213.0,6.66,35.6,8.2,946,29.56,11.5
Akron (MAC),,843,25.55,7.7,443.0,370.0,1.2,"2,463",74.6,802,"1,873",42.8,22.0,11.0,66.7,475.0,643.0,73.9,19.5,529.0,16.0,13.0,407.0,12.33,669.0,229.0,34.2,300.0,845,25.6,"2,209",66.9,844,"1,898",44.5,"1,081",32.8,2.9,335.0,10.15,35.5,9.1,"1,178",35.7,14.4
Alabama (SEC),1,"1,168",31.57,13.5,555.0,512.0,1.08,"3,027",81.8,885,"2,387",37.1,31.0,6.0,83.8,615.0,848.0,72.5,22.9,691.0,18.7,14.0,434.0,11.73,715.0,202.0,28.3,366.0,"1,093",29.5,"2,526",68.3,"1,023","2,314",44.2,"1,383",37.4,7.3,484.0,13.08,33.5,9.9,"1,652",44.65,16.6
Alabama A&M (SWAC),,745,22.58,-1.3,419.0,498.0,0.84,"2,297",69.6,781,"1,842",42.4,15.0,18.0,45.5,425.0,649.0,65.5,19.7,624.0,18.9,8.0,510.0,15.45,735.0,251.0,34.1,226.0,610,18.5,"2,340",70.9,823,"1,868",44.1,"1,179",35.7,-3.0,334.0,10.12,37.0,6.8,"1,079",32.7,12.9
Alabama St. (SWAC),,730,23.55,-9.3,309.0,414.0,0.75,"1,963",63.3,801,"1,839",43.6,8.0,23.0,25.8,412.0,584.0,70.5,18.8,557.0,18.0,8.0,379.0,12.23,635.0,216.0,34.0,185.0,605,19.5,"2,252",72.6,683,"1,821",37.5,"1,184",38.2,-2.2,387.0,12.48,30.6,6.0,"1,117",36.03,13.3
Alcorn (SWAC),,703,21.97,-2.9,316.0,404.0,0.78,"2,165",67.7,778,"1,741",44.7,18.0,14.0,56.3,475.0,659.0,72.1,20.6,605.0,18.9,11.0,463.0,14.47,707.0,233.0,33.0,164.0,554,17.3,"2,259",70.6,763,"1,868",40.8,"1,077",33.7,0.3,384.0,12.0,29.6,5.1,"1,087",33.97,14.8
American (Patriot),,711,22.22,-0.5,436.0,448.0,0.97,"2,093",65.4,754,"1,665",45.3,17.0,15.0,53.1,319.0,455.0,70.1,14.2,482.0,15.1,3.0,390.0,12.19,561.0,216.0,38.5,204.0,589,18.4,"2,110",65.9,785,"1,630",48.2,931,29.1,1.2,259.0,8.09,34.6,6.4,970,30.31,10.0
App State (Sun Belt),,854,26.69,5.7,417.0,352.0,1.18,"2,248",70.3,753,"1,870",40.3,16.0,16.0,50.0,367.0,543.0,67.6,17.0,442.0,13.8,3.0,399.0,12.47,729.0,235.0,32.2,243.0,726,22.7,"2,067",64.6,819,"1,854",44.2,"1,152",36.0,-0.3,288.0,9.0,33.5,7.6,"1,142",35.69,11.5
Arizona (Pac-12),2,"1,020",29.14,10.7,662.0,468.0,1.41,"2,866",81.9,905,"2,216",40.8,28.0,7.0,80.0,525.0,742.0,70.8,21.2,593.0,16.9,7.0,431.0,12.31,858.0,277.0,32.3,295.0,781,22.3,"2,490",71.1,"1,023","2,072",49.4,"1,163",33.2,6.1,356.0,10.17,37.8,8.4,"1,376",39.31,15.0
Arizona St. (Pac-12),11,920,25.56,3.1,515.0,422.0,1.22,"2,559",71.1,836,"2,096",39.9,23.0,13.0,63.9,465.0,675.0,68.9,18.8,668.0,18.6,13.0,505.0,14.03,818.0,279.0,34.1,274.0,851,23.6,"2,447",68.0,910,"2,163",42.1,"1,382",38.4,-1.9,395.0,10.97,32.2,7.6,"1,315",36.53,12.9
Ark.-Pine Bluff (SWAC),,757,24.42,-2.8,396.0,473.0,0.84,"2,074",66.9,738,"1,689",43.7,10.0,21.0,32.3,427.0,587.0,72.7,18.9,611.0,19.7,26.0,497.0,16.03,603.0,197.0,32.7,245.0,776,25.0,"2,162",69.7,701,"1,791",39.1,"1,127",36.4,-1.8,314.0,10.13,31.6,7.9,"1,071",34.55,13.8
Arkansas (SEC),8,899,24.97,6.1,462.0,458.0,1.01,"2,666",74.1,847,"1,996",42.4,22.0,14.0,61.1,565.0,810.0,69.8,22.5,694.0,19.3,25.0,519.0,14.42,608.0,189.0,31.1,179.0,572,15.9,"2,446",67.9,961,"2,063",46.6,"1,189",33.0,2.3,373.0,10.36,31.3,5.0,"1,272",35.33,15.7
Arkansas St. (Sun Belt),,783,23.73,-1.9,433.0,385.0,1.12,"2,169",65.7,778,"1,776",43.8,13.0,20.0,39.4,406.0,600.0,67.7,18.2,553.0,16.8,10.0,382.0,11.58,596.0,219.0,36.7,209.0,593,18.0,"2,232",67.6,777,"1,799",43.2,"1,093",33.1,0.5,325.0,9.85,35.2,6.3,"1,108",33.58,12.3
Army West Point (Patriot),,852,25.82,2.7,432.0,427.0,1.01,"2,412",73.1,852,"1,909",44.6,17.0,16.0,51.5,390.0,570.0,68.4,17.3,532.0,16.1,6.0,356.0,10.79,733.0,243.0,33.2,252.0,718,21.8,"2,322",70.4,885,"1,853",47.8,"1,002",30.4,3.9,280.0,8.48,35.1,7.6,"1,132",34.3,11.8
Auburn (SEC),9,835,24.56,5.1,479.0,414.0,1.16,"2,474",72.8,788,"1,935",40.7,21.0,13.0,61.8,503.0,723.0,69.6,21.3,655.0,19.3,12.0,442.0,13.0,667.0,192.0,28.8,221.0,701,20.6,"2,302",67.7,875,"1,991",43.9,"1,211",35.6,0.6,396.0,11.65,31.5,6.5,"1,231",36.21,14.8
Austin Peay (ASUN),,660,21.29,-5.6,387.0,364.0,1.06,"2,067",66.7,796,"1,664",47.8,9.0,22.0,29.0,359.0,495.0,72.5,16.0,525.0,16.9,7.0,421.0,13.58,593.0,202.0,34.1,222.0,690,22.3,"2,241",72.3,743,"1,790",41.5,"1,092",35.2,-3.9,312.0,10.06,32.2,7.2,972,31.35,11.6
BYU (Big 12),,897,26.38,5.6,501.0,481.0,1.04,"2,568",75.5,819,"1,897",43.2,19.0,15.0,55.9,466.0,650.0,71.7,19.1,659.0,19.4,12.0,464.0,13.65,715.0,243.0,34.0,276.0,812,23.9,"2,376",69.9,913,"2,008",45.5,"1,084",31.9,5.5,374.0,11.0,34.0,8.1,"1,271",37.38,13.7
Ball St. (MAC),,810,25.31,4.8,422.0,391.0,1.08,"2,445",76.4,823,"1,873",43.9,20.0,12.0,62.5,523.0,759.0,68.9,23.7,525.0,16.4,8.0,373.0,11.66,619.0,237.0,38.3,240.0,651,20.3,"2,292",71.6,841,"1,785",47.1,"1,054",32.9,2.9,337.0,10.53,36.9,7.5,"1,147",35.84,16.3
Baylor (Big 12),3,764,22.47,6.8,483.0,413.0,1.17,"2,619",77.0,864,"1,902",45.4,23.0,11.0,67.6,536.0,720.0,74.4,21.2,590.0,17.4,8.0,460.0,13.53,720.0,234.0,32.5,323.0,878,25.8,"2,389",70.3,880,"1,957",45.0,"1,086",31.9,2.0,391.0,11.5,36.8,9.5,"1,155",33.97,15.8
Belmont (MVC),,788,24.63,4.6,488.0,365.0,1.34,"2,447",76.5,852,"1,895",45.0,21.0,11.0,65.6,344.0,474.0,72.6,14.8,499.0,15.6,3.0,406.0,12.69,645.0,230.0,35.7,307.0,791,24.7,"2,299",71.8,898,"1,902",47.2,"1,127",35.2,-2.3,267.0,8.34,38.8,9.6,"1,055",32.97,10.8
Bethune-Cookman (SWAC),,716,22.38,-7.2,362.0,413.0,0.88,"2,172",67.9,845,"1,862",45.4,12.0,20.0,37.5,409.0,586.0,69.8,18.3,555.0,17.3,12.0,437.0,13.66,686.0,242.0,35.3,219.0,606,18.9,"2,401",75.0,772,"1,863",41.4,"1,209",37.8,-5.4,321.0,10.03,36.1,6.8,"1,037",32.41,12.8
Binghamton (America East),,785,25.32,-2.7,361.0,404.0,0.89,"2,133",68.8,781,"1,786",43.7,13.0,18.0,41.9,373.0,523.0,71.3,16.9,558.0,18.0,11.0,334.0,10.77,618.0,203.0,32.8,172.0,533,17.2,"2,217",71.5,794,"1,763",45.0,"1,042",33.6,1.4,301.0,9.71,32.3,5.5,"1,086",35.03,12.0
Boise St. (Mountain West),10,908,26.71,7.4,385.0,379.0,1.02,"2,451",72.1,802,"1,933",41.5,24.0,10.0,70.6,430.0,587.0,73.3,17.3,555.0,16.3,11.0,401.0,11.79,717.0,223.0,31.1,265.0,733,21.6,"2,198",64.6,878,"1,938",45.3,"1,096",32.2,3.5,307.0,9.03,36.2,7.8,"1,215",35.74,12.6
Boston College (ACC),,785,23.79,-3.6,413.0,405.0,1.02,"2,197",66.6,833,"1,882",44.3,16.0,17.0,48.5,371.0,512.0,72.5,15.5,521.0,15.8,12.0,406.0,12.3,744.0,274.0,36.8,188.0,590,17.9,"2,317",70.2,819,"1,873",43.7,"1,122",34.0,-0.9,308.0,9.33,31.9,5.7,"1,093",33.12,11.2
Boston U. (Patriot),,808,25.25,-0.1,335.0,384.0,0.87,"2,147",67.1,749,"1,725",43.4,15.0,17.0,46.9,387.0,524.0,73.9,16.4,561.0,17.5,6.0,397.0,12.41,676.0,227.0,33.6,238.0,722,22.6,"2,151",67.2,761,"1,845",41.2,"1,077",33.7,1.8,328.0,10.25,33.0,7.4,"1,136",35.5,12.1
Bowling Green (MAC),,783,25.26,-2.5,428.0,378.0,1.13,"2,355",76.0,866,"1,857",46.6,11.0,20.0,35.5,451.0,622.0,72.5,20.1,550.0,17.7,5.0,357.0,11.52,708.0,253.0,35.7,224.0,658,21.2,"2,434",78.5,840,"1,859",45.2,"1,074",34.6,1.1,326.0,10.52,34.0,7.2,"1,109",35.77,14.5
Bradley (MVC),,899,25.69,7.9,465.0,409.0,1.14,"2,473",70.7,760,"1,875",40.5,25.0,10.0,71.4,363.0,546.0,66.5,15.6,565.0,16.1,7.0,442.0,12.63,725.0,231.0,31.9,276.0,777,22.2,"2,195",62.7,917,"1,989",46.1,"1,107",31.6,3.8,341.0,9.74,35.5,7.9,"1,240",35.43,10.4
Brown (Ivy League),,701,25.96,0.2,372.0,361.0,1.03,"1,878",69.6,689,"1,541",44.7,14.0,13.0,51.9,298.0,464.0,64.2,17.2,438.0,16.2,7.0,374.0,13.85,571.0,200.0,35.0,216.0,622,23.0,"1,872",69.3,682,"1,557",43.8,929,34.4,0.5,241.0,8.93,34.7,8.0,942,34.89,11.0
Bryant (America East),,861,28.7,6.3,403.0,402.0,1.0,"2,381",79.4,778,"1,849",42.1,17.0,13.0,56.7,442.0,602.0,73.4,20.1,518.0,17.3,17.0,372.0,12.4,719.0,237.0,33.0,243.0,714,23.8,"2,193",73.1,848,"1,821",46.6,"1,021",34.0,5.3,318.0,10.6,34.0,8.1,"1,179",39.3,14.7
Bucknell (Patriot),,824,25.75,-1.0,429.0,427.0,1.0,"2,161",67.5,815,"1,846",44.1,12.0,20.0,37.5,332.0,463.0,71.7,14.5,498.0,15.6,3.0,332.0,10.38,666.0,237.0,35.6,235.0,660,20.6,"2,192",68.5,797,"1,749",45.6,"1,020",31.9,2.0,260.0,8.13,35.6,7.3,"1,084",33.88,10.4
Buffalo (MAC),,831,25.97,-0.1,470.0,452.0,1.04,"2,481",77.5,881,"1,942",45.4,15.0,17.0,46.9,445.0,632.0,70.4,19.8,602.0,18.8,17.0,447.0,13.97,696.0,244.0,35.1,224.0,696,21.8,"2,485",77.7,906,"2,000",45.3,"1,125",35.2,2.6,377.0,11.78,32.2,7.0,"1,208",37.75,13.9
Butler (Big East),,751,23.47,-2.7,403.0,378.0,1.07,"2,088",65.3,838,"1,874",44.7,14.0,18.0,43.8,339.0,459.0,73.9,14.3,429.0,13.4,5.0,400.0,12.5,623.0,200.0,32.1,207.0,633,19.8,"2,174",67.9,771,"1,767",43.6,"1,161",36.3,-6.3,207.0,6.47,32.7,6.5,958,29.94,10.6
CSU Bakersfield (Big West),,744,22.55,-4.2,355.0,424.0,0.84,"1,995",60.5,700,"1,639",42.7,11.0,22.0,33.3,389.0,512.0,76.0,15.5,621.0,18.8,16.0,445.0,13.48,695.0,238.0,34.2,142.0,437,13.2,"2,134",64.7,732,"1,770",41.4,"1,067",32.3,-0.4,311.0,9.42,32.5,4.3,"1,055",31.97,11.8
CSUN (Big West),,753,23.53,-5.2,314.0,400.0,0.79,"2,028",63.4,737,"1,729",42.6,7.0,25.0,21.9,454.0,612.0,74.2,19.1,605.0,18.9,8.0,383.0,11.97,656.0,221.0,33.7,184.0,575,18.0,"2,194",68.6,695,"1,735",40.1,"1,126",35.2,-1.9,313.0,9.78,32.0,5.8,"1,066",33.31,14.2
Cal Poly (Big West),,799,24.21,-5.1,341.0,457.0,0.75,"2,006",60.8,732,"1,689",43.3,8.0,25.0,24.2,395.0,531.0,74.4,16.1,653.0,19.8,20.0,408.0,12.36,610.0,208.0,34.1,181.0,615,18.6,"2,174",65.9,715,"1,733",41.3,"1,069",32.4,0.3,281.0,8.52,29.4,5.5,"1,080",32.73,12.0
Cal St. Fullerton (Big West),,805,24.39,4.1,340.0,391.0,0.87,"2,283",69.2,754,"1,812",41.6,20.0,13.0,60.6,472.0,681.0,69.3,20.6,590.0,17.9,16.0,466.0,14.12,705.0,220.0,31.2,253.0,686,20.8,"2,148",65.1,779,"1,812",43.0,"1,153",34.9,-1.4,303.0,9.18,36.9,7.7,"1,108",33.58,14.3
California (Pac-12),,729,22.78,-11.8,308.0,417.0,0.74,"1,866",58.3,801,"1,772",45.2,3.0,29.0,9.4,386.0,534.0,72.3,16.7,548.0,17.1,11.0,332.0,10.38,679.0,227.0,33.4,156.0,524,16.4,"2,243",70.1,662,"1,694",39.1,"1,137",35.5,-4.1,278.0,8.69,29.8,4.9,"1,007",31.47,12.1
California Baptist (WAC),,865,26.21,4.1,471.0,379.0,1.24,"2,291",69.4,790,"1,863",42.4,17.0,16.0,51.5,393.0,592.0,66.4,17.9,569.0,17.2,3.0,358.0,10.85,610.0,185.0,30.3,276.0,837,25.4,"2,156",65.3,811,"1,898",42.7,"1,118",33.9,3.3,362.0,10.97,33.0,8.4,"1,227",37.18,11.9
Campbell (Big South),,799,23.5,1.3,416.0,404.0,1.03,"2,374",69.8,834,"1,837",45.4,16.0,18.0,47.1,486.0,691.0,70.3,20.3,554.0,16.3,13.0,420.0,12.35,763.0,263.0,34.5,228.0,683,20.1,"2,329",68.5,830,"1,777",46.7,"1,084",31.9,-0.5,267.0,7.85,33.4,6.7,"1,066",31.35,14.3
Canisius (MAAC),,695,23.17,-1.9,431.0,357.0,1.21,"2,109",70.3,815,"1,747",46.7,10.0,20.0,33.3,328.0,448.0,73.2,14.9,469.0,15.6,9.0,395.0,13.17,554.0,203.0,36.6,255.0,734,24.5,"2,167",72.2,763,"1,809",42.2,"1,073",35.8,-2.2,313.0,10.43,34.7,8.5,"1,008",33.6,10.9
Central Ark. (ASUN),,781,25.19,-8.6,384.0,413.0,0.93,"2,261",72.9,923,"1,963",47.0,9.0,22.0,29.0,361.0,482.0,74.9,15.5,508.0,16.4,9.0,385.0,12.42,769.0,279.0,36.3,264.0,818,26.4,"2,527",81.5,818,"1,987",41.2,"1,210",39.0,-2.6,347.0,11.19,32.3,8.5,"1,128",36.39,11.6
Central Conn. St. (NEC),,768,24.0,-4.2,413.0,380.0,1.09,"2,111",66.0,821,"1,836",44.7,10.0,22.0,31.3,310.0,437.0,70.9,13.7,451.0,14.1,3.0,350.0,10.94,683.0,242.0,35.4,219.0,669,20.9,"2,245",70.2,791,"1,874",42.2,"1,116",34.9,-0.8,324.0,10.13,32.7,6.8,"1,092",34.13,9.7
Central Mich. (MAC),,753,24.29,-7.3,333.0,494.0,0.67,"2,038",65.7,769,"1,757",43.8,10.0,21.0,32.3,443.0,642.0,69.0,20.7,614.0,19.8,20.0,415.0,13.39,735.0,255.0,34.7,191.0,637,20.5,"2,263",73.0,702,"1,688",41.6,"1,106",35.7,-0.3,343.0,11.06,30.0,6.2,"1,096",35.35,14.3
Charleston So. (Big South),,731,23.58,-1.7,373.0,365.0,1.02,"2,251",72.6,803,"1,747",46.0,10.0,21.0,32.3,362.0,498.0,72.7,16.1,562.0,18.1,14.0,350.0,11.29,704.0,253.0,35.9,251.0,731,23.6,"2,305",74.4,819,"1,850",44.3,"1,048",33.8,1.4,360.0,11.61,34.3,8.1,"1,091",35.19,11.7
Charlotte (CUSA),,835,23.19,4.4,470.0,382.0,1.23,"2,410",66.9,836,"1,912",43.7,22.0,14.0,61.1,349.0,465.0,75.1,12.9,489.0,13.6,3.0,402.0,11.17,726.0,246.0,33.9,291.0,772,21.4,"2,253",62.6,885,"1,871",47.3,"1,074",29.8,-0.2,231.0,6.42,37.7,8.1,"1,066",29.61,9.7
Chattanooga (SoCon),,933,26.66,5.1,536.0,407.0,1.32,"2,702",77.2,888,"2,099",42.3,18.0,17.0,51.4,456.0,639.0,71.4,18.3,552.0,15.8,9.0,369.0,10.54,893.0,298.0,33.4,398.0,"1,057",30.2,"2,523",72.1,924,"2,042",45.2,"1,185",33.9,2.4,335.0,9.57,37.7,11.4,"1,268",36.23,13.0
Chicago St. (DI Independent),,725,23.39,-2.7,379.0,422.0,0.9,"2,180",70.3,812,"1,783",45.5,11.0,20.0,35.5,404.0,555.0,72.8,17.9,561.0,18.1,15.0,357.0,11.52,680.0,234.0,34.4,256.0,755,24.4,"2,264",73.0,760,"1,757",43.3,"1,037",33.5,1.7,365.0,11.77,33.9,8.3,"1,090",35.16,13.0
Cincinnati (AAC),,938,26.06,7.8,559.0,384.0,1.46,"2,776",77.1,915,"2,142",42.7,23.0,13.0,63.9,418.0,592.0,70.6,16.4,570.0,15.8,10.0,438.0,12.17,669.0,209.0,31.2,314.0,894,24.8,"2,495",69.3,"1,022","2,281",44.8,"1,249",34.7,2.6,403.0,11.19,35.1,8.7,"1,341",37.25,11.6
Clemson (ACC),,944,27.76,6.8,485.0,376.0,1.29,"2,540",74.7,798,"1,970",40.5,23.0,11.0,67.6,460.0,586.0,78.5,17.2,589.0,17.3,6.0,383.0,11.26,804.0,267.0,33.2,282.0,775,22.8,"2,308",67.9,899,"1,923",46.7,"1,128",33.2,2.0,252.0,7.41,36.4,8.3,"1,196",35.18,13.5
Cleveland St. (Horizon),,804,22.97,3.1,465.0,406.0,1.15,"2,512",71.8,857,"2,022",42.4,21.0,14.0,60.0,418.0,614.0,68.1,17.5,582.0,16.6,6.0,488.0,13.94,764.0,244.0,31.9,178.0,580,16.6,"2,405",68.7,958,"2,110",45.4,"1,246",35.6,-0.1,438.0,12.51,30.7,5.1,"1,242",35.49,11.9
Coastal Carolina (Sun Belt),,804,25.94,-0.7,383.0,379.0,1.01,"2,273",73.3,808,"1,893",42.7,11.0,20.0,35.5,418.0,533.0,78.4,17.2,497.0,16.0,9.0,358.0,11.55,859.0,305.0,35.5,223.0,705,22.7,"2,294",74.0,816,"1,880",43.4,"1,098",35.4,1.8,349.0,11.26,31.6,7.2,"1,153",37.19,13.5
Col. of Charleston (CAA),12,939,26.83,12.9,478.0,418.0,1.14,"2,804",80.1,899,"2,085",43.1,31.0,4.0,88.6,538.0,723.0,74.4,20.7,590.0,16.9,4.0,482.0,13.77,671.0,205.0,30.6,348.0,"1,051",30.0,"2,353",67.2,959,"2,202",43.6,"1,189",34.0,6.3,472.0,13.49,33.1,9.9,"1,411",40.31,15.4
Colgate (Patriot),15,900,25.71,8.8,637.0,357.0,1.78,"2,733",78.1,937,"2,056",45.6,26.0,9.0,74.3,363.0,549.0,66.1,15.7,438.0,12.5,2.0,432.0,12.34,753.0,270.0,35.9,286.0,709,20.3,"2,426",69.3,"1,042","2,038",51.1,"1,103",31.5,2.2,279.0,7.97,40.3,8.2,"1,179",33.69,10.4
Colorado (Pac-12),,912,26.06,2.8,454.0,463.0,0.98,"2,445",69.9,842,"1,982",42.5,18.0,17.0,51.4,428.0,616.0,69.5,17.6,566.0,16.2,3.0,470.0,13.43,676.0,217.0,32.1,229.0,712,20.3,"2,348",67.1,894,"2,059",43.4,"1,175",33.6,3.6,388.0,11.09,32.2,6.5,"1,300",37.14,12.2
Colorado St. (Mountain West),,817,24.76,1.1,545.0,368.0,1.48,"2,391",72.5,827,"1,859",44.5,15.0,18.0,45.5,394.0,529.0,74.5,16.0,537.0,16.3,5.0,400.0,12.12,809.0,295.0,36.5,251.0,689,20.9,"2,355",71.4,873,"1,790",48.8,"1,093",33.1,-2.4,197.0,5.97,36.4,7.6,"1,014",30.73,11.9
Columbia (Ivy League),,702,24.21,-8.0,340.0,401.0,0.85,"1,966",67.8,819,"1,792",45.7,7.0,22.0,24.1,348.0,487.0,71.5,16.8,485.0,16.7,7.0,379.0,13.07,634.0,210.0,33.1,226.0,714,24.6,"2,197",75.8,696,"1,728",40.3,"1,145",39.5,-5.1,296.0,10.21,31.7,7.8,998,34.41,12.0
Coppin St. (MEAC),,767,23.97,-11.2,360.0,477.0,0.75,"2,304",72.0,937,"2,029",46.2,9.0,23.0,28.1,478.0,665.0,71.9,20.8,629.0,19.7,15.0,440.0,13.75,839.0,285.0,34.0,268.0,794,24.8,"2,661",83.2,779,"1,791",43.5,"1,325",41.4,-11.0,207.0,6.47,33.8,8.4,974,30.44,14.9
Cornell (Ivy League),,673,24.04,5.6,489.0,348.0,1.41,"2,287",81.7,774,"1,643",47.1,17.0,11.0,60.7,355.0,490.0,72.4,17.5,466.0,16.6,3.0,446.0,15.93,650.0,231.0,35.5,300.0,851,30.4,"2,129",76.0,816,"1,738",47.0,964,34.4,0.0,291.0,10.39,35.3,10.7,964,34.43,12.7
Creighton (Big East),6,"1,063",28.73,8.0,581.0,429.0,1.35,"2,828",76.4,983,"2,332",42.2,24.0,13.0,64.9,481.0,614.0,78.3,16.6,486.0,13.1,2.0,358.0,9.68,688.0,231.0,33.6,319.0,902,24.4,"2,531",68.4,"1,014","2,164",46.9,"1,230",33.2,3.8,306.0,8.27,35.4,8.6,"1,369",37.0,13.0
Dartmouth (Ivy League),,740,26.43,-1.0,360.0,404.0,0.89,"1,998",71.4,736,"1,669",44.1,10.0,18.0,35.7,332.0,475.0,69.9,17.0,476.0,17.0,13.0,346.0,12.36,580.0,192.0,33.1,228.0,685,24.5,"2,027",72.4,719,"1,626",44.2,993,35.5,-0.6,236.0,8.43,33.3,8.1,976,34.86,11.9
Davidson (Atlantic 10),,789,24.66,1.2,420.0,347.0,1.21,"2,236",69.9,817,"1,843",44.3,16.0,16.0,50.0,450.0,602.0,74.8,18.8,485.0,15.2,4.0,371.0,11.59,678.0,221.0,32.6,216.0,664,20.8,"2,197",68.7,785,"1,774",44.3,"1,109",34.7,-1.7,265.0,8.28,32.5,6.8,"1,054",32.94,14.1
Dayton (Atlantic 10),,908,26.71,7.6,518.0,411.0,1.26,"2,334",68.6,764,"1,942",39.3,22.0,12.0,64.7,443.0,634.0,69.9,18.6,470.0,13.8,10.0,352.0,10.35,752.0,220.0,29.3,225.0,665,19.6,"2,075",61.0,833,"1,784",46.7,"1,057",31.1,5.1,321.0,9.44,33.8,6.6,"1,229",36.15,13.0
DePaul (Big East),,765,23.18,-6.1,457.0,427.0,1.07,"2,349",71.2,903,"1,984",45.5,10.0,23.0,30.3,400.0,541.0,73.9,16.4,604.0,18.3,23.0,415.0,12.58,689.0,241.0,35.0,273.0,742,22.5,"2,551",77.3,838,"1,961",42.7,"1,273",38.6,-6.2,305.0,9.24,36.8,8.3,"1,070",32.42,12.1
Delaware (CAA),,783,23.73,-1.1,389.0,374.0,1.04,"2,298",69.6,850,"1,888",45.0,17.0,16.0,51.5,448.0,616.0,72.7,18.7,540.0,16.4,11.0,421.0,12.76,653.0,238.0,36.4,218.0,680,20.6,"2,333",70.7,816,"1,859",43.9,"1,175",35.6,-3.2,286.0,8.67,32.1,6.6,"1,069",32.39,13.6
Delaware St. (MEAC),,711,23.7,-10.9,372.0,481.0,0.77,"1,939",64.6,772,"1,660",46.5,6.0,24.0,20.0,340.0,494.0,68.8,16.5,551.0,18.4,15.0,425.0,14.17,702.0,283.0,40.3,171.0,542,18.1,"2,265",75.5,714,"1,725",41.4,"1,038",34.6,0.3,336.0,11.2,31.5,5.7,"1,047",34.9,11.3
Denver (Summit League),,836,26.13,-2.4,363.0,479.0,0.76,"2,325",72.7,871,"1,950",44.7,15.0,17.0,46.9,511.0,713.0,71.7,22.3,544.0,17.0,8.0,359.0,11.22,785.0,263.0,33.5,144.0,442,13.8,"2,402",75.1,835,"1,716",48.7,995,31.1,4.1,290.0,9.06,32.6,4.5,"1,126",35.19,16.0
Detroit Mercy (Horizon),,779,23.61,1.2,413.0,390.0,1.06,"2,527",76.6,893,"1,931",46.2,14.0,19.0,42.4,437.0,569.0,76.8,17.2,529.0,16.0,6.0,386.0,11.7,757.0,277.0,36.6,338.0,875,26.5,"2,486",75.3,876,"2,024",43.3,"1,097",33.2,3.5,433.0,13.12,38.6,10.2,"1,212",36.73,13.2
Drake (MVC),12,972,27.77,10.9,478.0,368.0,1.3,"2,617",74.8,811,"2,001",40.5,27.0,8.0,77.1,435.0,567.0,76.7,16.2,522.0,14.9,5.0,421.0,12.03,760.0,233.0,30.7,278.0,751,21.5,"2,236",63.9,952,"2,032",46.9,"1,146",32.7,3.0,278.0,7.94,37.0,7.9,"1,250",35.71,12.4
Drexel (CAA),,790,24.69,4.3,374.0,373.0,1.0,"2,135",66.7,762,"1,793",42.5,17.0,15.0,53.1,360.0,527.0,68.3,16.5,464.0,14.5,2.0,384.0,12.0,510.0,170.0,33.3,229.0,725,22.7,"1,997",62.4,773,"1,794",43.1,"1,051",32.8,2.2,330.0,10.31,31.6,7.2,"1,120",35.0,11.3
Duke (ACC),5,960,26.67,8.4,526.0,432.0,1.22,"2,592",72.0,844,"2,079",40.6,27.0,9.0,75.0,475.0,620.0,76.6,17.2,549.0,15.3,8.0,391.0,10.86,741.0,226.0,30.5,245.0,731,20.3,"2,290",63.6,936,"2,072",45.2,"1,108",30.8,7.9,432.0,12.0,33.5,6.8,"1,392",38.67,13.2
Duquesne (Atlantic 10),,767,23.24,3.6,505.0,395.0,1.28,"2,472",74.9,836,"1,875",44.6,20.0,13.0,60.6,376.0,542.0,69.4,16.4,614.0,18.6,8.0,475.0,14.39,634.0,223.0,35.2,302.0,826,25.0,"2,352",71.3,897,"2,052",43.7,"1,196",36.2,-0.6,410.0,12.42,36.6,9.2,"1,177",35.67,11.4
ETSU (SoCon),,779,24.34,0.1,390.0,420.0,0.93,"2,211",69.1,799,"1,834",43.6,12.0,20.0,37.5,366.0,546.0,67.0,17.1,491.0,15.3,6.0,389.0,12.16,785.0,254.0,32.4,203.0,633,19.8,"2,208",69.0,821,"1,814",45.3,"1,066",33.3,1.8,343.0,10.72,32.1,6.3,"1,122",35.06,11.4
East Carolina (AAC),,820,24.85,-1.7,433.0,435.0,1.0,"2,271",68.8,830,"1,905",43.6,16.0,17.0,48.5,484.0,704.0,68.8,21.3,583.0,17.7,14.0,392.0,11.88,657.0,216.0,32.9,249.0,788,23.9,"2,327",70.5,769,"1,896",40.6,"1,153",34.9,2.1,403.0,12.21,31.6,7.5,"1,223",37.06,14.7
Eastern Ill. (OVC),,764,24.65,-3.3,449.0,419.0,1.07,"2,134",68.8,786,"1,806",43.5,9.0,22.0,29.0,378.0,593.0,63.7,19.1,559.0,18.0,15.0,457.0,14.74,770.0,259.0,33.6,162.0,493,15.9,"2,235",72.1,797,"1,800",44.3,"1,175",37.9,-4.0,288.0,9.29,32.9,5.2,"1,052",33.94,12.2
Eastern Ky. (ASUN),,978,26.43,5.1,552.0,444.0,1.24,"2,909",78.6,987,"2,291",43.1,23.0,14.0,62.2,395.0,599.0,65.9,16.2,586.0,15.8,6.0,536.0,14.49,909.0,309.0,34.0,318.0,927,25.1,"2,720",73.5,"1,098","2,487",44.1,"1,372",37.1,2.9,503.0,13.59,34.3,8.6,"1,481",40.03,10.7
Eastern Mich. (MAC),,704,22.71,-8.6,299.0,367.0,0.81,"2,239",72.2,894,"1,846",48.4,8.0,23.0,25.8,441.0,575.0,76.7,18.5,587.0,18.9,16.0,384.0,12.39,767.0,262.0,34.2,192.0,608,19.6,"2,505",80.8,803,"1,827",44.0,"1,150",37.1,-5.7,270.0,8.71,31.6,6.2,974,31.42,14.2
Eastern Wash. (Big Sky),,917,26.97,5.2,523.0,461.0,1.13,"2,607",76.7,849,"2,005",42.3,23.0,11.0,67.6,445.0,589.0,75.6,17.3,591.0,17.4,7.0,383.0,11.26,882.0,294.0,33.3,300.0,837,24.6,"2,429",71.4,931,"1,901",49.0,"1,055",31.0,4.9,305.0,8.97,35.8,8.8,"1,222",35.94,13.1
Elon (CAA),,798,24.94,-6.2,389.0,395.0,0.98,"2,094",65.4,815,"1,869",43.6,8.0,24.0,25.0,352.0,497.0,70.8,15.5,515.0,16.1,6.0,368.0,11.5,843.0,291.0,34.5,218.0,722,22.6,"2,291",71.6,762,"1,791",42.5,"1,152",36.0,-2.3,281.0,8.78,30.2,6.8,"1,079",33.72,11.0
Evansville (MVC),,752,23.5,-13.6,328.0,392.0,0.84,"1,997",62.4,867,"1,809",47.9,5.0,27.0,15.6,340.0,540.0,63.0,16.9,520.0,16.3,10.0,421.0,13.16,745.0,283.0,38.0,199.0,618,19.3,"2,432",76.0,729,"1,839",39.6,"1,222",38.2,-6.8,252.0,7.88,32.2,6.2,"1,004",31.38,10.6
FDU (NEC),16,844,22.81,3.2,545.0,425.0,1.28,"2,863",77.4,972,"2,061",47.2,21.0,16.0,56.8,471.0,626.0,75.2,16.9,696.0,18.8,14.0,567.0,15.32,820.0,287.0,35.0,302.0,876,23.7,"2,744",74.2,"1,045","2,312",45.2,"1,257",34.0,0.4,427.0,11.54,34.5,8.2,"1,271",34.35,12.7
FGCU (ASUN),,806,25.19,1.8,409.0,365.0,1.12,"2,280",71.3,804,"1,848",43.5,17.0,15.0,53.1,375.0,507.0,74.0,15.8,497.0,15.5,7.0,377.0,11.78,764.0,255.0,33.4,295.0,832,26.0,"2,222",69.4,805,"1,844",43.7,"1,125",35.2,-0.6,301.0,9.41,35.5,9.2,"1,107",34.59,11.7
FIU (CUSA),,733,22.91,-2.0,397.0,473.0,0.84,"2,339",73.1,848,"1,907",44.5,14.0,18.0,43.8,386.0,541.0,71.3,16.9,547.0,17.1,9.0,528.0,16.5,765.0,278.0,36.3,219.0,671,21.0,"2,404",75.1,867,"1,861",46.6,"1,217",38.0,-6.5,275.0,8.59,32.6,6.8,"1,008",31.5,12.1
Fairfield (MAAC),,740,23.87,-1.1,296.0,367.0,0.81,"2,012",64.9,769,"1,748",44.0,13.0,18.0,41.9,454.0,627.0,72.4,20.2,472.0,15.2,10.0,363.0,11.71,553.0,161.0,29.1,178.0,621,20.0,"2,045",66.0,690,"1,681",41.0,"1,060",34.2,-0.5,305.0,9.84,28.7,5.7,"1,045",33.71,14.6
Fla. Atlantic (CUSA),,"1,094",28.05,12.5,562.0,460.0,1.22,"3,035",77.8,923,"2,290",40.3,35.0,4.0,89.7,492.0,684.0,71.9,17.5,613.0,15.7,4.0,481.0,12.33,800.0,258.0,32.3,375.0,"1,024",26.3,"2,547",65.3,"1,084","2,326",46.6,"1,286",33.0,6.0,425.0,10.9,36.6,9.6,"1,519",38.95,12.6
Florida (SEC),,865,26.21,2.6,406.0,371.0,1.09,"2,351",71.2,830,"2,002",41.5,16.0,17.0,48.5,471.0,657.0,71.7,19.9,533.0,16.2,12.0,412.0,12.48,608.0,192.0,31.6,220.0,701,21.2,"2,264",68.6,830,"1,904",43.6,"1,274",38.6,-4.0,278.0,8.42,31.4,6.7,"1,143",34.64,14.3
Florida A&M (SWAC),,658,22.69,-11.4,280.0,464.0,0.6,"1,700",58.6,695,"1,572",44.2,7.0,22.0,24.1,343.0,496.0,69.2,17.1,551.0,19.0,5.0,363.0,12.52,541.0,180.0,33.3,167.0,533,18.4,"2,030",70.0,595,"1,536",38.7,"1,042",35.9,-3.1,295.0,10.17,31.3,5.8,953,32.86,11.8
Florida St. (ACC),,728,22.75,-6.9,430.0,388.0,1.11,"2,219",69.3,854,"1,882",45.4,9.0,23.0,28.1,406.0,559.0,72.6,17.5,519.0,16.2,11.0,377.0,11.78,773.0,291.0,37.6,209.0,633,19.8,"2,439",76.2,802,"1,840",43.6,"1,128",35.3,-3.8,278.0,8.69,33.0,6.5,"1,006",31.44,12.7
Fordham (Atlantic 10),,863,26.15,4.4,418.0,446.0,0.94,"2,376",72.0,774,"1,841",42.0,25.0,8.0,75.8,530.0,715.0,74.1,21.7,647.0,19.6,12.0,448.0,13.58,562.0,180.0,32.0,252.0,792,24.0,"2,231",67.6,797,"1,901",41.9,"1,127",34.2,2.8,356.0,10.79,31.8,7.6,"1,219",36.94,16.1
Fresno St. (Mountain West),,690,22.26,-2.0,382.0,359.0,1.06,"1,974",63.7,711,"1,607",44.2,11.0,20.0,35.5,324.0,420.0,77.1,13.5,499.0,16.1,7.0,401.0,12.94,603.0,227.0,37.6,210.0,681,22.0,"2,036",65.7,720,"1,673",43.0,"1,012",32.6,-2.4,248.0,8.0,30.8,6.8,938,30.26,10.5
Furman (SoCon),13,911,25.31,9.7,600.0,397.0,1.51,"2,911",80.9,937,"2,094",44.7,28.0,8.0,77.8,539.0,727.0,74.1,20.2,604.0,16.8,11.0,470.0,13.06,733.0,242.0,33.0,340.0,988,27.4,"2,563",71.2,"1,016","2,129",47.7,"1,204",33.4,1.6,351.0,9.75,34.4,9.4,"1,262",35.06,15.0
Ga. Southern (Sun Belt),,840,25.45,1.7,343.0,378.0,0.91,"2,257",68.4,779,"1,838",42.4,17.0,16.0,51.5,370.0,539.0,68.6,16.3,551.0,16.7,10.0,429.0,13.0,689.0,223.0,32.4,207.0,659,20.0,"2,201",66.7,840,"1,926",43.6,"1,157",35.1,0.2,325.0,9.85,31.4,6.3,"1,165",35.3,11.2
Gardner-Webb (Big South),,787,25.39,5.2,399.0,403.0,0.99,"2,192",70.7,678,"1,639",41.4,15.0,16.0,48.4,370.0,592.0,62.5,19.1,594.0,19.2,8.0,438.0,14.13,618.0,208.0,33.7,196.0,583,18.8,"2,032",65.5,813,"1,741",46.7,985,31.8,3.6,310.0,10.0,33.6,6.3,"1,097",35.39,11.9
George Mason (Atlantic 10),,878,26.61,1.5,452.0,453.0,1.0,"2,268",68.7,798,"1,872",42.6,20.0,13.0,60.6,428.0,657.0,65.1,19.9,568.0,17.2,14.0,380.0,11.52,658.0,198.0,30.1,240.0,685,20.8,"2,220",67.3,800,"1,774",45.1,"1,071",32.5,3.3,302.0,9.15,35.0,7.3,"1,180",35.76,13.0
George Washington (Atlantic 10),,834,26.06,-0.4,406.0,403.0,1.01,"2,441",76.3,892,"1,999",44.6,16.0,16.0,50.0,475.0,644.0,73.8,20.1,526.0,16.4,13.0,355.0,11.09,784.0,274.0,34.9,228.0,710,22.2,"2,455",76.7,869,"1,849",47.0,"1,126",35.2,-0.3,284.0,8.88,32.1,7.1,"1,118",34.94,14.8
Georgetown (Big East),,806,25.19,-8.6,380.0,392.0,0.97,"2,225",69.5,918,"2,001",45.9,7.0,25.0,21.9,404.0,563.0,71.8,17.6,462.0,14.4,14.0,356.0,11.13,791.0,308.0,38.9,185.0,599,18.7,"2,500",78.1,818,"1,934",42.3,"1,196",37.4,-1.4,345.0,10.78,30.9,5.8,"1,151",35.97,12.6
Georgia (SEC),,798,24.94,-3.0,358.0,423.0,0.85,"2,193",68.5,841,"1,912",44.0,16.0,16.0,50.0,522.0,718.0,72.7,22.4,513.0,16.0,4.0,368.0,11.5,702.0,224.0,31.9,215.0,678,21.2,"2,289",71.5,728,"1,774",41.0,"1,138",35.6,0.2,347.0,10.84,31.7,6.7,"1,145",35.78,16.3
Georgia St. (Sun Belt),,727,23.45,-2.6,342.0,400.0,0.86,"2,068",66.7,755,"1,734",43.5,10.0,21.0,32.3,414.0,581.0,71.3,18.7,528.0,17.0,8.0,372.0,12.0,596.0,215.0,36.1,164.0,556,17.9,"2,150",69.4,745,"1,789",41.6,"1,021",32.9,1.6,343.0,11.06,29.5,5.3,"1,070",34.52,13.4
Georgia Tech (ACC),,806,24.42,-1.0,463.0,349.0,1.33,"2,301",69.7,856,"1,943",44.1,15.0,18.0,45.5,332.0,477.0,69.6,14.5,524.0,15.9,4.0,362.0,10.97,684.0,206.0,30.1,259.0,773,23.4,"2,335",70.8,855,"2,019",42.3,"1,211",36.7,-1.7,349.0,10.58,33.5,7.8,"1,155",35.0,10.1
Gonzaga (WCC),3,993,26.84,12.8,602.0,397.0,1.52,"3,187",86.1,993,"2,246",44.2,31.0,6.0,83.8,532.0,768.0,69.3,20.8,613.0,16.6,12.0,489.0,13.22,877.0,306.0,34.9,279.0,737,19.9,"2,715",73.4,"1,188","2,282",52.1,"1,171",31.6,5.5,383.0,10.35,37.9,7.5,"1,376",37.19,14.4
Grambling (SWAC),,832,25.21,6.7,405.0,475.0,0.85,"2,276",69.0,685,"1,801",38.0,24.0,9.0,72.7,480.0,745.0,64.4,22.6,624.0,18.9,16.0,484.0,14.67,679.0,209.0,30.8,174.0,489,14.8,"2,054",62.2,811,"1,785",45.4,"1,129",34.2,2.0,364.0,11.03,35.6,5.3,"1,196",36.24,14.5
Grand Canyon (WAC),14,953,26.47,7.9,452.0,430.0,1.05,"2,706",75.2,863,"2,112",40.9,24.0,12.0,66.7,517.0,722.0,71.6,20.1,648.0,18.0,12.0,387.0,10.75,694.0,220.0,31.7,323.0,843,23.4,"2,421",67.3,933,"2,018",46.2,"1,211",33.6,2.9,364.0,10.11,38.3,9.0,"1,317",36.58,14.4
Green Bay (Horizon),,670,20.94,-17.2,350.0,447.0,0.78,"1,898",59.3,893,"1,832",48.7,3.0,29.0,9.4,368.0,524.0,70.2,16.4,541.0,16.9,9.0,342.0,10.69,634.0,222.0,35.0,218.0,724,22.6,"2,447",76.5,656,"1,665",39.4,"1,169",36.5,-8.3,235.0,7.34,30.1,6.8,905,28.28,11.5
Hampton (CAA),,763,23.84,-9.3,352.0,354.0,0.99,"2,183",68.2,878,"1,889",46.5,8.0,24.0,25.0,437.0,636.0,68.7,19.9,587.0,18.3,16.0,357.0,11.16,701.0,262.0,37.4,228.0,709,22.2,"2,481",77.5,759,"1,934",39.2,"1,243",38.8,-4.5,335.0,10.47,32.2,7.1,"1,098",34.31,13.7
Hartford (DI Independent),,631,22.54,-8.4,364.0,403.0,0.9,"1,757",62.8,734,"1,596",46.0,5.0,23.0,17.9,233.0,362.0,64.4,12.9,395.0,14.1,6.0,341.0,12.18,609.0,229.0,37.6,206.0,620,22.1,"1,991",71.1,659,"1,543",42.7,972,34.7,-3.1,255.0,9.11,33.2,7.4,886,31.64,8.3
Harvard (Ivy League),,716,25.57,2.0,372.0,381.0,0.98,"1,914",68.4,680,"1,612",42.2,14.0,14.0,50.0,330.0,493.0,66.9,17.6,408.0,14.6,4.0,357.0,12.75,625.0,201.0,32.2,184.0,596,21.3,"1,858",66.4,700,"1,593",43.9,902,32.2,4.0,299.0,10.68,30.9,6.6,"1,015",36.25,11.8
Hawaii (Big West),,845,25.61,5.1,367.0,401.0,0.92,"2,208",66.9,760,"1,877",40.5,22.0,11.0,66.7,444.0,594.0,74.7,18.0,528.0,16.0,10.0,355.0,10.76,493.0,145.0,29.4,220.0,667,20.2,"2,039",61.8,772,"1,799",42.9,"1,064",32.2,3.1,320.0,9.7,33.0,6.7,"1,165",35.3,13.5
High Point (Big South),,817,26.35,-2.6,383.0,438.0,0.87,"2,312",74.6,856,"1,942",44.1,14.0,17.0,45.2,452.0,722.0,62.6,23.3,573.0,18.5,11.0,383.0,12.35,749.0,242.0,32.3,234.0,720,23.2,"2,392",77.2,813,"1,834",44.3,"1,174",37.9,0.2,362.0,11.68,32.5,7.5,"1,179",38.03,14.6
Hofstra (CAA),,910,26.0,8.4,504.0,376.0,1.34,"2,619",74.8,862,"2,115",40.8,25.0,10.0,71.4,314.0,425.0,73.9,12.1,503.0,14.4,14.0,442.0,12.63,769.0,236.0,30.7,303.0,826,23.6,"2,324",66.4,"1,001","2,084",48.0,"1,278",36.5,-2.8,271.0,7.74,36.7,8.7,"1,181",33.74,9.0
Holy Cross (Patriot),,785,24.53,-5.9,398.0,387.0,1.03,"2,136",66.8,876,"1,926",45.5,10.0,22.0,31.3,293.0,471.0,62.2,14.7,514.0,16.1,14.0,393.0,12.28,672.0,219.0,32.6,219.0,599,18.7,"2,324",72.6,812,"1,862",43.6,"1,234",38.6,-6.1,255.0,7.97,36.6,6.8,"1,040",32.5,9.2
Houston (AAC),1,967,26.14,17.4,544.0,370.0,1.47,"2,770",74.9,708,"1,933",36.6,33.0,4.0,89.2,466.0,636.0,73.3,17.2,618.0,16.7,9.0,506.0,13.68,840.0,234.0,27.9,284.0,835,22.6,"2,126",57.5,"1,010","2,203",45.8,"1,173",31.7,7.2,474.0,12.81,34.0,7.7,"1,441",38.95,12.6
Houston Christian (Southland),,767,23.97,-5.5,474.0,489.0,0.97,"2,482",77.6,984,"1,978",49.7,10.0,22.0,31.3,515.0,717.0,71.8,22.4,575.0,18.0,14.0,405.0,12.66,660.0,242.0,36.7,265.0,726,22.7,"2,658",83.1,851,"1,863",45.7,"1,118",34.9,-0.7,330.0,10.31,36.5,8.3,"1,097",34.28,16.1
Howard (MEAC),16,845,24.14,2.6,523.0,573.0,0.91,"2,634",75.3,902,"2,027",44.5,22.0,13.0,62.9,484.0,679.0,71.3,19.4,614.0,17.5,10.0,540.0,15.43,743.0,253.0,34.1,282.0,754,21.5,"2,542",72.6,934,"2,038",45.8,"1,168",33.4,2.4,407.0,11.63,37.4,8.1,"1,252",35.77,13.8
IU Indy (Horizon),,,,,358.0,506.0,0.71,"2,089",65.3,860,"1,833",46.9,5.0,27.0,15.6,371.0,537.0,69.1,,570.0,17.8,7.0,372.0,11.63,,,,146.0,492,15.4,,,786,"1,718",45.8,,,,297.0,9.28,29.7,4.6,,,11.6
IUPUI (Horizon),,714,22.31,-11.5,,,,,,,,,,,,,,,16.8,,,,,,714.0,256.0,35.9,,,,"2,456",76.8,,,,"1,055",33.0,-1.4,,,,,"1,011",31.59,
Idaho (Big Sky),,757,23.66,0.1,381.0,362.0,1.05,"2,335",73.0,848,"1,805",47.0,10.0,22.0,31.3,470.0,617.0,76.2,19.3,539.0,16.8,10.0,368.0,11.5,586.0,222.0,37.9,217.0,638,19.9,"2,332",72.9,824,"1,747",47.2,"1,063",33.2,-2.6,222.0,6.94,34.0,6.8,979,30.59,14.7
Idaho St. (Big Sky),,746,23.31,-1.8,392.0,370.0,1.06,"2,213",69.2,796,"1,764",45.1,11.0,21.0,34.4,380.0,517.0,73.5,16.2,564.0,17.6,15.0,387.0,12.09,599.0,193.0,32.2,245.0,725,22.7,"2,272",71.0,794,"1,785",44.5,"1,079",33.7,-2.3,259.0,8.09,33.8,7.7,"1,005",31.41,11.9
Illinois (Big Ten),9,882,26.73,7.2,409.0,426.0,0.96,"2,452",74.3,804,"1,934",41.6,20.0,13.0,60.6,453.0,667.0,67.9,20.2,559.0,16.9,12.0,429.0,13.0,589.0,197.0,33.4,251.0,815,24.7,"2,216",67.2,874,"1,946",44.9,"1,115",33.8,4.0,366.0,11.09,30.8,7.6,"1,248",37.82,13.7
Illinois St. (MVC),,765,23.91,-4.0,345.0,466.0,0.74,"2,127",66.5,805,"1,770",45.5,11.0,21.0,34.4,421.0,531.0,79.3,16.6,590.0,18.4,8.0,357.0,11.16,667.0,225.0,33.7,232.0,690,21.6,"2,255",70.5,737,"1,699",43.4,992,31.0,1.7,280.0,8.75,33.6,7.3,"1,045",32.66,13.2
Indiana (Big Ten),4,929,26.54,6.1,533.0,402.0,1.33,"2,616",74.7,852,"2,084",40.9,23.0,12.0,65.7,428.0,602.0,71.1,17.2,599.0,17.1,7.0,391.0,11.17,787.0,263.0,33.4,200.0,544,15.5,"2,404",68.7,994,"2,044",48.6,"1,199",34.3,1.5,321.0,9.17,36.8,5.7,"1,250",35.71,12.2
Indiana St. (MVC),,996,27.67,9.7,570.0,434.0,1.31,"2,855",79.3,902,"2,117",42.6,23.0,13.0,63.9,499.0,647.0,77.1,18.0,587.0,16.3,9.0,450.0,12.5,752.0,241.0,32.0,340.0,959,26.6,"2,507",69.6,"1,008","2,088",48.3,"1,174",32.6,2.0,249.0,6.92,35.5,9.4,"1,245",34.58,13.9
Iona (MAAC),13,856,24.46,10.3,520.0,367.0,1.42,"2,658",75.9,826,"2,009",41.1,27.0,8.0,77.1,453.0,619.0,73.2,17.7,568.0,16.2,7.0,503.0,14.37,696.0,207.0,29.7,247.0,683,19.5,"2,297",65.6,979,"2,135",45.9,"1,223",34.9,0.6,389.0,11.11,36.2,7.1,"1,245",35.57,12.9
Iowa (Big Ten),8,809,24.52,5.4,541.0,325.0,1.66,"2,642",80.1,939,"1,982",47.4,19.0,14.0,57.6,495.0,671.0,73.8,20.3,488.0,14.8,6.0,424.0,12.85,640.0,234.0,36.6,265.0,779,23.6,"2,464",74.7,941,"2,077",45.3,"1,145",34.7,1.9,398.0,12.06,34.0,8.0,"1,207",36.58,15.0
Iowa St. (Big 12),6,731,22.15,5.0,457.0,427.0,1.07,"2,231",67.6,671,"1,598",42.0,19.0,14.0,57.6,352.0,525.0,67.0,15.9,633.0,19.2,11.0,546.0,16.55,747.0,252.0,33.7,211.0,637,19.3,"2,067",62.6,834,"1,882",44.3,"1,005",30.5,3.2,380.0,11.52,33.1,6.4,"1,111",33.67,10.7
Jackson St. (SWAC),,753,22.82,-6.0,406.0,514.0,0.79,"2,232",67.6,853,"1,881",45.3,14.0,19.0,42.4,425.0,630.0,67.5,19.1,571.0,17.3,18.0,448.0,13.58,741.0,259.0,35.0,207.0,650,19.7,"2,429",73.6,800,"1,911",41.9,"1,086",32.9,1.5,384.0,11.64,31.8,6.3,"1,137",34.45,12.9
Jacksonville (ASUN),,748,25.79,0.7,376.0,333.0,1.13,"1,837",63.3,642,"1,576",40.7,13.0,16.0,44.8,265.0,353.0,75.1,12.2,409.0,14.1,8.0,277.0,9.55,765.0,241.0,31.5,200.0,588,20.3,"1,816",62.6,686,"1,519",45.2,901,31.1,2.3,220.0,7.59,34.0,6.9,968,33.38,9.1
Jacksonville St. (ASUN),,799,25.77,-0.4,381.0,410.0,0.93,"2,166",69.9,762,"1,749",43.6,13.0,18.0,41.9,391.0,559.0,69.9,18.0,510.0,16.5,7.0,357.0,11.52,828.0,287.0,34.7,281.0,747,24.1,"2,178",70.3,747,"1,705",43.8,994,32.1,4.0,318.0,10.26,37.6,9.1,"1,117",36.03,12.6
James Madison (Sun Belt),,864,26.18,12.5,444.0,435.0,1.02,"2,658",80.5,811,"1,920",42.2,22.0,11.0,66.7,529.0,748.0,70.7,22.7,583.0,17.7,10.0,546.0,16.55,729.0,226.0,31.0,263.0,751,22.8,"2,246",68.1,933,"2,019",46.2,"1,128",34.2,3.9,393.0,11.91,35.0,8.0,"1,257",38.09,16.0
Kansas (Big 12),1,941,26.14,7.4,590.0,444.0,1.33,"2,715",75.4,873,"2,103",41.5,28.0,8.0,77.8,460.0,639.0,72.0,17.8,597.0,16.6,10.0,515.0,14.31,742.0,230.0,31.0,251.0,724,20.1,"2,450",68.1,"1,002","2,142",46.8,"1,255",34.9,1.1,353.0,9.81,34.7,7.0,"1,294",35.94,12.8
Kansas City (Summit League),,753,23.53,-4.3,300.0,432.0,0.69,"2,060",64.4,734,"1,730",42.4,11.0,21.0,34.4,426.0,598.0,71.2,18.7,585.0,18.3,21.0,380.0,11.88,697.0,239.0,34.3,188.0,665,20.8,"2,199",68.7,723,"1,844",39.2,"1,065",33.3,3.7,430.0,13.44,28.3,5.9,"1,183",36.97,13.3
Kansas St. (Big 12),3,892,24.78,6.3,611.0,498.0,1.23,"2,742",76.2,878,"2,070",42.4,26.0,10.0,72.2,562.0,751.0,74.8,20.9,644.0,17.9,14.0,541.0,15.03,764.0,235.0,30.8,258.0,752,20.9,"2,515",69.9,961,"2,083",46.1,"1,221",33.9,0.7,355.0,9.86,34.3,7.2,"1,247",34.64,15.6
Kennesaw St. (ASUN),14,897,25.63,6.0,502.0,434.0,1.16,"2,626",75.0,842,"1,957",43.0,26.0,9.0,74.3,478.0,723.0,66.1,20.7,631.0,18.0,9.0,502.0,14.34,758.0,251.0,33.1,286.0,783,22.4,"2,415",69.0,931,"2,021",46.1,"1,188",33.9,1.3,337.0,9.63,36.5,8.2,"1,234",35.26,13.7
Kent St. (MAC),13,863,24.66,10.3,432.0,398.0,1.09,"2,665",76.1,777,"1,920",40.5,28.0,7.0,80.0,476.0,656.0,72.6,18.7,659.0,18.8,13.0,551.0,15.74,778.0,242.0,31.1,275.0,818,23.4,"2,305",65.9,957,"2,128",45.0,"1,223",34.9,0.7,386.0,11.03,33.6,7.9,"1,249",35.69,13.6
Kentucky (SEC),6,867,25.5,6.7,512.0,400.0,1.28,"2,532",74.5,827,"1,929",42.9,22.0,12.0,64.7,461.0,653.0,70.6,19.2,545.0,16.0,10.0,379.0,11.15,685.0,222.0,32.4,213.0,613,18.0,"2,305",67.8,929,"2,045",45.4,"1,022",30.1,9.3,472.0,13.88,34.7,6.3,"1,339",39.38,13.6
LIU (NEC),,730,25.17,-13.2,420.0,475.0,0.88,"1,935",66.7,854,"1,795",47.6,3.0,26.0,10.3,353.0,535.0,66.0,18.4,511.0,17.6,17.0,371.0,12.79,631.0,228.0,36.1,142.0,420,14.5,"2,319",80.0,720,"1,683",42.8,"1,086",37.4,-2.8,275.0,9.48,33.8,4.9,"1,005",34.66,12.2
LMU (CA) (WCC),,791,25.52,2.3,366.0,397.0,0.92,"2,335",75.3,809,"1,773",45.6,19.0,12.0,61.3,382.0,569.0,67.1,18.4,602.0,19.4,11.0,354.0,11.42,601.0,202.0,33.6,289.0,792,25.5,"2,265",73.1,832,"1,831",45.4,983,31.7,4.4,328.0,10.58,36.5,9.3,"1,119",36.1,12.3
LSU (SEC),,780,23.64,-3.1,406.0,405.0,1.0,"2,231",67.6,831,"1,859",44.7,14.0,19.0,42.4,456.0,632.0,72.2,19.2,560.0,17.0,6.0,384.0,11.64,773.0,265.0,34.3,239.0,730,22.1,"2,334",70.7,768,"1,875",41.0,"1,125",34.1,0.9,376.0,11.39,32.7,7.2,"1,156",35.03,13.8
La Salle (Atlantic 10),,833,24.5,-2.8,408.0,427.0,0.96,"2,374",69.8,898,"1,996",45.0,15.0,19.0,44.1,400.0,577.0,69.3,17.0,606.0,17.8,10.0,422.0,12.41,696.0,240.0,34.5,248.0,726,21.4,"2,468",72.6,863,"2,037",42.4,"1,239",36.4,-0.6,384.0,11.29,34.2,7.3,"1,217",35.79,11.8
Lafayette (Patriot),,822,24.18,-3.3,528.0,396.0,1.33,"2,120",62.4,800,"1,826",43.8,11.0,23.0,32.4,288.0,460.0,62.6,13.5,523.0,15.4,3.0,403.0,11.85,753.0,257.0,34.1,298.0,911,26.8,"2,232",65.6,767,"1,881",40.8,"1,194",35.1,-2.6,284.0,8.35,32.7,8.8,"1,106",32.53,8.5
Lamar University (Southland),,755,24.35,-6.7,409.0,441.0,0.93,"2,104",67.9,827,"1,852",44.7,9.0,22.0,29.0,404.0,574.0,70.4,18.5,488.0,15.7,10.0,382.0,12.32,819.0,279.0,34.1,178.0,556,17.9,"2,311",74.5,761,"1,767",43.1,"1,110",35.8,0.3,364.0,11.74,32.0,5.7,"1,119",36.1,13.0
Lehigh (Patriot),,803,26.77,0.4,370.0,353.0,1.05,"2,094",69.8,769,"1,778",43.3,16.0,14.0,53.3,385.0,516.0,74.6,17.2,501.0,16.7,3.0,353.0,11.77,620.0,200.0,32.3,205.0,584,19.5,"2,082",69.4,752,"1,698",44.3,"1,084",36.1,-2.6,203.0,6.77,35.1,6.8,"1,006",33.53,12.8
Liberty (ASUN),,923,25.64,13.8,580.0,373.0,1.55,"2,689",74.7,792,"1,891",41.9,27.0,9.0,75.0,387.0,532.0,72.7,14.8,540.0,15.0,5.0,468.0,13.0,689.0,230.0,33.4,376.0,"1,007",28.0,"2,194",60.9,963,"2,032",47.4,"1,089",30.3,3.6,296.0,8.22,37.3,10.4,"1,219",33.86,10.8
Lipscomb (ASUN),,909,27.55,5.4,466.0,399.0,1.17,"2,521",76.4,866,"2,024",42.8,20.0,13.0,60.6,369.0,496.0,74.4,15.0,460.0,13.9,2.0,383.0,11.61,794.0,265.0,33.4,266.0,748,22.7,"2,343",71.0,943,"1,983",47.6,"1,094",33.2,3.2,289.0,8.76,35.6,8.1,"1,198",36.3,11.2
Little Rock (OVC),,768,24.77,-4.0,460.0,418.0,1.1,"2,337",75.4,870,"1,829",47.6,10.0,21.0,32.3,462.0,632.0,73.1,20.4,609.0,19.6,27.0,441.0,14.23,689.0,270.0,39.2,185.0,567,18.3,"2,461",79.4,845,"1,907",44.3,"1,124",36.3,-0.5,339.0,10.94,32.6,6.0,"1,107",35.71,14.9
Long Beach St. (Big West),,912,27.64,2.1,494.0,466.0,1.06,"2,524",76.5,867,"2,056",42.2,17.0,16.0,51.5,480.0,708.0,67.8,21.5,563.0,17.1,14.0,463.0,14.03,820.0,276.0,33.7,146.0,494,15.0,"2,455",74.4,949,"2,086",45.5,"1,148",34.8,5.8,429.0,13.0,29.6,4.4,"1,341",40.64,14.5
Longwood (Big South),,754,23.56,6.9,398.0,380.0,1.05,"2,341",73.2,737,"1,693",43.5,20.0,12.0,62.5,438.0,607.0,72.2,19.0,531.0,16.6,8.0,462.0,14.44,722.0,251.0,34.8,241.0,685,21.4,"2,119",66.2,831,"1,837",45.2,"1,009",31.5,3.2,357.0,11.16,35.2,7.5,"1,111",34.72,13.7
Louisiana (Sun Belt),13,864,25.41,7.9,489.0,415.0,1.18,"2,630",77.4,859,"1,944",44.2,26.0,8.0,76.5,491.0,720.0,68.2,21.2,577.0,17.0,9.0,428.0,12.59,592.0,199.0,33.6,239.0,635,18.7,"2,362",69.5,950,"1,972",48.2,"1,035",30.4,6.1,377.0,11.09,37.6,7.0,"1,241",36.5,14.4
Louisiana Tech (CUSA),,786,23.82,1.9,408.0,451.0,0.9,"2,383",72.2,789,"1,771",44.6,15.0,18.0,45.5,394.0,546.0,72.2,16.5,570.0,17.3,15.0,502.0,15.21,752.0,279.0,37.1,281.0,814,24.7,"2,320",70.3,854,"1,930",44.2,"1,077",32.6,2.1,359.0,10.88,34.5,8.5,"1,145",34.7,11.9
Louisville (ACC),,737,23.03,-11.8,299.0,478.0,0.63,"2,046",63.9,877,"1,862",47.1,4.0,28.0,12.5,414.0,559.0,74.1,17.5,527.0,16.5,8.0,325.0,10.16,739.0,260.0,35.2,200.0,608,19.0,"2,425",75.8,716,"1,700",42.1,"1,064",33.3,-1.0,294.0,9.19,32.9,6.3,"1,031",32.22,12.9
Loyola Chicago (Atlantic 10),,727,23.45,-5.1,428.0,464.0,0.92,"2,089",67.4,769,"1,705",45.1,10.0,21.0,32.3,355.0,509.0,69.7,16.4,601.0,19.4,21.0,376.0,12.13,649.0,223.0,34.4,220.0,658,21.2,"2,247",72.5,757,"1,638",46.2,"1,007",32.5,-1.5,233.0,7.52,33.4,7.1,960,30.97,11.5
Loyola Maryland (Patriot),,734,22.24,-3.3,459.0,446.0,1.03,"2,222",67.3,862,"1,804",47.8,13.0,20.0,39.4,328.0,509.0,64.4,15.4,517.0,15.7,3.0,452.0,13.7,658.0,239.0,36.3,250.0,701,21.2,"2,331",70.6,822,"1,821",45.1,"1,082",32.8,-1.4,301.0,9.12,35.7,7.6,"1,035",31.36,9.9
Maine (America East),,692,23.07,-1.2,415.0,371.0,1.12,"2,054",68.5,773,"1,671",46.3,13.0,17.0,43.3,288.0,396.0,72.7,13.2,446.0,14.9,4.0,418.0,13.93,612.0,210.0,34.3,198.0,595,19.8,"2,091",69.7,784,"1,711",45.8,"1,029",34.3,-3.5,232.0,7.73,33.3,6.6,924,30.8,9.6
Manhattan (MAAC),,678,22.6,-3.2,370.0,406.0,0.91,"2,014",67.1,759,"1,723",44.1,12.0,18.0,40.0,343.0,520.0,66.0,17.3,492.0,16.4,11.0,426.0,14.2,628.0,228.0,36.3,205.0,616,20.5,"2,110",70.3,733,"1,682",43.6,"1,085",36.2,-4.4,274.0,9.13,33.3,6.8,952,31.73,11.4
Marist (MAAC),,837,25.36,-2.7,357.0,392.0,0.91,"2,110",63.9,782,"1,893",41.3,13.0,20.0,39.4,367.0,526.0,69.8,15.9,509.0,15.4,4.0,365.0,11.06,711.0,249.0,35.0,253.0,771,23.4,"2,199",66.6,745,"1,819",41.0,"1,184",35.9,-1.6,294.0,8.91,32.8,7.7,"1,131",34.27,11.1
Marquette (Big East),2,829,23.03,9.1,624.0,386.0,1.62,"2,856",79.3,919,"2,067",44.5,29.0,7.0,80.6,422.0,588.0,71.8,16.3,582.0,16.2,10.0,570.0,15.83,776.0,269.0,34.7,322.0,912,25.3,"2,530",70.3,"1,056","2,174",48.6,"1,276",35.4,-3.6,317.0,8.81,35.3,8.9,"1,146",31.83,11.7
Marshall (Sun Belt),,852,26.63,10.5,561.0,372.0,1.51,"2,616",81.8,852,"2,016",42.3,24.0,8.0,75.0,380.0,548.0,69.3,17.1,526.0,16.4,13.0,478.0,14.94,693.0,222.0,32.0,264.0,781,24.4,"2,281",71.3,986,"2,120",46.5,"1,233",38.5,0.4,395.0,12.34,33.8,8.3,"1,247",38.97,11.9
Maryland (Big Ten),8,833,23.8,6.2,398.0,373.0,1.07,"2,440",69.7,814,"1,912",42.6,22.0,13.0,62.9,483.0,660.0,73.2,18.9,560.0,16.0,8.0,417.0,11.91,610.0,197.0,32.3,233.0,710,20.3,"2,222",63.5,862,"1,925",44.8,"1,124",32.1,1.5,342.0,9.77,32.8,6.7,"1,175",33.57,13.8
Massachusetts (Atlantic 10),,783,25.26,-1.6,423.0,443.0,0.95,"2,163",69.8,779,"1,794",43.4,15.0,16.0,48.4,431.0,602.0,71.6,19.4,541.0,17.5,9.0,421.0,13.58,731.0,242.0,33.1,182.0,555,17.9,"2,214",71.4,775,"1,868",41.5,"1,071",34.5,3.7,404.0,13.03,32.8,5.9,"1,187",38.29,13.9
McNeese (Southland),,776,22.82,-6.3,385.0,499.0,0.77,"2,352",69.2,902,"1,920",47.0,11.0,23.0,32.4,378.0,571.0,66.2,16.8,655.0,19.3,15.0,443.0,13.03,747.0,290.0,38.8,258.0,793,23.3,"2,565",75.4,858,"1,991",43.1,"1,169",34.4,0.9,422.0,12.41,32.5,7.6,"1,198",35.24,11.1
Memphis (AAC),8,892,25.49,7.6,546.0,467.0,1.17,"2,778",79.4,848,"2,114",40.1,26.0,9.0,74.3,555.0,743.0,74.7,21.2,637.0,18.2,18.0,531.0,15.17,907.0,279.0,30.8,215.0,609,17.4,"2,512",71.8,"1,004","2,096",47.9,"1,234",35.3,0.6,364.0,10.4,35.3,6.1,"1,256",35.89,15.9
Mercer (SoCon),,802,24.3,1.7,422.0,385.0,1.1,"2,268",68.7,774,"1,798",43.0,14.0,19.0,42.4,370.0,536.0,69.0,16.2,592.0,17.9,11.0,391.0,11.85,609.0,201.0,33.0,196.0,586,17.8,"2,211",67.0,851,"1,885",45.1,"1,065",32.3,2.4,342.0,10.36,33.4,5.9,"1,144",34.67,11.2
Miami FL (ACC),5,901,24.35,7.1,535.0,411.0,1.3,"2,925",79.1,991,"2,214",44.8,29.0,8.0,78.4,531.0,677.0,78.4,18.3,527.0,14.2,5.0,463.0,12.51,852.0,285.0,33.5,278.0,755,20.4,"2,661",71.9,"1,058","2,205",48.0,"1,188",32.1,2.6,384.0,10.38,36.8,7.5,"1,285",34.73,14.4
Miami (OH) (MAC),,735,22.97,-0.9,440.0,436.0,1.01,"2,357",73.7,840,"1,819",46.2,12.0,20.0,37.5,447.0,568.0,78.7,17.8,583.0,18.2,16.0,426.0,13.31,664.0,229.0,34.5,250.0,736,23.0,"2,385",74.5,830,"1,817",45.7,"1,086",33.9,-2.0,287.0,8.97,34.0,7.8,"1,022",31.94,14.0
Michigan (Big Ten),,948,27.88,3.7,414.0,356.0,1.16,"2,494",73.4,885,"2,081",42.5,18.0,16.0,52.9,437.0,615.0,71.1,18.1,527.0,15.5,9.0,338.0,9.94,703.0,223.0,31.7,261.0,744,21.9,"2,367",69.6,898,"1,994",45.0,"1,200",35.3,1.4,300.0,8.82,35.1,7.7,"1,248",36.71,12.9
Michigan St. (Big Ten),7,906,26.65,3.0,497.0,370.0,1.34,"2,411",70.9,834,"1,968",42.4,21.0,13.0,61.8,401.0,528.0,75.9,15.5,557.0,16.4,4.0,333.0,9.79,757.0,245.0,32.4,252.0,642,18.9,"2,309",67.9,879,"1,944",45.2,"1,110",32.6,3.0,307.0,9.03,39.3,7.4,"1,213",35.68,11.8
Middle Tenn. (CUSA),,743,22.52,2.3,357.0,439.0,0.81,"2,313",70.1,789,"1,762",44.8,19.0,14.0,57.6,371.0,543.0,68.3,16.5,579.0,17.5,10.0,492.0,14.91,600.0,213.0,35.5,228.0,674,20.4,"2,236",67.8,857,"1,892",45.3,"1,047",31.7,1.9,366.0,11.09,33.8,6.9,"1,109",33.61,11.2
Milwaukee (Horizon),,925,27.21,4.0,472.0,515.0,0.92,"2,659",78.2,893,"2,187",40.8,22.0,12.0,64.7,504.0,681.0,74.0,20.0,610.0,17.9,6.0,465.0,13.68,912.0,280.0,30.7,267.0,774,22.8,"2,522",74.2,944,"2,062",45.8,"1,237",36.4,2.7,405.0,11.91,34.5,7.9,"1,330",39.12,14.8
Minnesota (Big Ten),,755,24.35,-8.2,454.0,401.0,1.13,"1,949",62.9,834,"1,856",44.9,9.0,22.0,29.0,317.0,512.0,61.9,16.5,482.0,15.5,8.0,302.0,9.74,580.0,208.0,35.9,192.0,591,19.1,"2,202",71.0,720,"1,664",43.3,"1,122",36.2,-3.4,262.0,8.45,32.5,6.2,"1,017",32.81,10.2
Mississippi St. (SEC),11,848,24.94,4.7,482.0,434.0,1.11,"2,234",65.7,728,"1,849",39.4,21.0,13.0,61.8,424.0,655.0,64.7,19.3,517.0,15.2,6.0,486.0,14.29,809.0,252.0,31.1,178.0,669,19.7,"2,073",61.0,816,"1,936",42.1,"1,138",33.5,4.4,440.0,12.94,26.6,5.2,"1,288",37.88,12.5
Mississippi Val. (SWAC),,711,22.22,-13.7,321.0,518.0,0.62,"1,953",61.0,826,"1,788",46.2,5.0,27.0,15.6,425.0,639.0,66.5,20.0,573.0,17.9,12.0,430.0,13.44,706.0,253.0,35.8,162.0,464,14.5,"2,392",74.8,683,"1,681",40.6,"1,129",35.3,-3.2,316.0,9.88,34.9,5.1,"1,027",32.09,13.3
Missouri (SEC),7,748,21.37,4.5,559.0,390.0,1.43,"2,762",78.9,891,"1,998",44.6,25.0,10.0,71.4,461.0,608.0,75.8,17.4,631.0,18.0,7.0,592.0,16.91,884.0,309.0,35.0,325.0,904,25.8,"2,604",74.4,988,"2,092",47.2,"1,310",37.4,-7.2,310.0,8.86,36.0,9.3,"1,058",30.23,13.2
Missouri St. (MVC),,761,23.78,2.4,374.0,393.0,0.95,"2,098",65.6,722,"1,701",42.4,17.0,15.0,53.1,300.0,479.0,62.6,15.0,497.0,15.5,8.0,380.0,11.88,660.0,214.0,32.4,254.0,767,24.0,"2,021",63.2,772,"1,776",43.5,997,31.2,4.0,363.0,11.34,33.1,7.9,"1,124",35.13,9.4
Monmouth (CAA),,723,21.91,-13.0,395.0,476.0,0.83,"2,036",61.7,828,"1,804",45.9,7.0,26.0,21.2,410.0,615.0,66.7,18.6,635.0,19.2,12.0,474.0,14.36,829.0,307.0,37.0,134.0,466,14.1,"2,466",74.7,746,"1,856",40.2,"1,196",36.2,-3.3,365.0,11.06,28.8,4.1,"1,088",32.97,12.4
Montana (Big Sky),,713,23.0,1.1,378.0,347.0,1.09,"2,147",69.3,733,"1,626",45.1,17.0,14.0,54.8,379.0,481.0,78.8,15.5,560.0,18.1,9.0,320.0,10.32,575.0,185.0,32.2,244.0,656,21.2,"2,114",68.2,762,"1,650",46.2,940,30.3,0.1,229.0,7.39,37.2,7.9,942,30.39,12.2
Montana St. (Big Sky),14,863,24.66,7.0,438.0,415.0,1.06,"2,588",73.9,815,"1,885",43.2,25.0,10.0,71.4,614.0,814.0,75.4,23.3,641.0,18.3,9.0,479.0,13.69,654.0,222.0,33.9,216.0,642,18.3,"2,342",66.9,879,"1,876",46.9,"1,074",30.7,2.3,291.0,8.31,33.6,6.2,"1,154",32.97,17.5
Morehead St. (OVC),,887,26.09,3.2,467.0,403.0,1.16,"2,374",69.8,846,"1,932",43.8,22.0,12.0,64.7,474.0,654.0,72.5,19.2,532.0,15.6,9.0,381.0,11.21,618.0,194.0,31.4,254.0,730,21.5,"2,266",66.6,823,"1,889",43.6,"1,098",32.3,3.4,325.0,9.56,34.8,7.5,"1,212",35.65,13.9
Morgan St. (MEAC),,712,22.97,2.6,479.0,500.0,0.96,"2,323",74.9,789,"1,794",44.0,15.0,16.0,48.4,391.0,568.0,68.8,18.3,647.0,20.9,22.0,586.0,18.9,602.0,186.0,30.9,206.0,559,18.0,"2,242",72.3,863,"1,911",45.2,"1,182",38.1,-3.5,362.0,11.68,36.9,6.6,"1,074",34.65,12.6
Mount St. Mary's (MAAC),,802,24.3,-3.4,410.0,450.0,0.91,"2,101",63.7,797,"1,880",42.4,13.0,20.0,39.4,339.0,463.0,73.2,14.0,540.0,16.4,13.0,392.0,11.88,678.0,226.0,33.3,220.0,622,18.8,"2,212",67.0,771,"1,818",42.4,"1,136",34.4,-0.8,308.0,9.33,35.4,6.7,"1,110",33.64,10.3
Murray St. (MVC),,810,25.31,-1.6,391.0,349.0,1.12,"2,254",70.4,854,"1,909",44.7,17.0,15.0,53.1,447.0,607.0,73.6,19.0,467.0,14.6,2.0,347.0,10.84,794.0,265.0,33.4,197.0,593,18.5,"2,305",72.0,805,"1,824",44.1,"1,093",34.2,0.6,301.0,9.41,33.2,6.2,"1,111",34.72,14.0
N.C. A&T (CAA),,836,26.13,-3.1,375.0,385.0,0.97,"2,264",70.8,853,"1,965",43.4,13.0,19.0,40.6,391.0,574.0,68.1,17.9,547.0,17.1,6.0,393.0,12.28,734.0,243.0,33.1,261.0,785,24.5,"2,362",73.8,806,"1,931",41.7,"1,258",39.3,-3.8,300.0,9.38,33.2,8.2,"1,136",35.5,12.2
N.C. Central (MEAC),,745,24.83,9.7,439.0,459.0,0.96,"2,268",75.6,704,"1,657",42.5,18.0,12.0,60.0,417.0,594.0,70.2,19.8,575.0,19.2,14.0,503.0,16.77,609.0,185.0,30.4,221.0,614,20.5,"1,977",65.9,815,"1,737",46.9,966,32.2,3.6,328.0,10.93,36.0,7.4,"1,073",35.77,13.9
NC State (ACC),11,859,25.26,6.9,434.0,320.0,1.36,"2,643",77.7,859,"1,931",44.5,23.0,11.0,67.6,398.0,551.0,72.2,16.2,592.0,17.4,13.0,449.0,13.21,648.0,205.0,31.6,281.0,810,23.8,"2,408",70.8,982,"2,181",45.0,"1,185",34.9,1.7,385.0,11.32,34.7,8.3,"1,244",36.59,11.7
NIU (MAC),,781,24.41,-3.0,402.0,458.0,0.88,"2,304",72.0,852,"1,895",45.0,13.0,19.0,40.6,394.0,604.0,65.2,18.9,617.0,19.3,24.0,433.0,13.53,698.0,229.0,32.8,236.0,678,21.2,"2,401",75.0,837,"1,816",46.1,"1,203",37.6,-4.5,279.0,8.72,34.8,7.4,"1,060",33.13,12.3
NJIT (America East),,761,25.37,-5.8,336.0,334.0,1.01,"2,008",66.9,808,"1,789",45.2,7.0,23.0,23.3,324.0,488.0,66.4,16.3,471.0,15.7,9.0,303.0,10.1,691.0,232.0,33.6,196.0,562,18.7,"2,182",72.7,744,"1,734",42.9,"1,118",37.3,-3.2,261.0,8.7,34.9,6.5,"1,022",34.07,10.8
Navy (Patriot),,758,24.45,4.5,459.0,355.0,1.29,"2,152",69.4,733,"1,684",43.5,18.0,13.0,58.1,296.0,419.0,70.6,13.5,494.0,15.9,5.0,402.0,12.97,651.0,222.0,34.1,240.0,647,20.9,"2,013",64.9,808,"1,781",45.4,"1,010",32.6,1.9,310.0,10.0,37.1,7.7,"1,068",34.45,9.5
Nebraska (Big Ten),,841,26.28,-1.9,418.0,406.0,1.03,"2,175",68.0,826,"1,943",42.5,16.0,16.0,50.0,323.0,504.0,64.1,15.8,452.0,14.1,3.0,386.0,12.06,848.0,289.0,34.1,214.0,657,20.5,"2,236",69.9,819,"1,790",45.8,"1,137",35.5,-1.0,264.0,8.25,32.6,6.7,"1,105",34.53,10.1
Nevada (Mountain West),11,856,25.94,4.8,474.0,339.0,1.4,"2,397",72.6,781,"1,836",42.5,22.0,11.0,66.7,561.0,708.0,79.2,21.5,592.0,17.9,12.0,413.0,12.52,779.0,255.0,32.7,238.0,678,20.5,"2,238",67.8,799,"1,794",44.5,"1,107",33.5,-0.2,245.0,7.42,35.1,7.2,"1,101",33.36,17.0
New Hampshire (America East),,764,25.47,-0.6,350.0,297.0,1.18,"1,992",66.4,741,"1,701",43.6,15.0,15.0,50.0,352.0,508.0,69.3,16.9,452.0,15.1,6.0,329.0,10.97,566.0,176.0,31.1,248.0,725,24.2,"2,011",67.0,696,"1,749",39.8,"1,105",36.8,-1.1,307.0,10.23,34.2,8.3,"1,071",35.7,11.7
New Mexico (Mountain West),,928,27.29,6.6,466.0,382.0,1.22,"2,749",80.9,916,"2,100",43.6,22.0,12.0,64.7,591.0,800.0,73.9,23.5,574.0,16.9,5.0,433.0,12.74,810.0,271.0,33.5,192.0,545,16.0,"2,525",74.3,983,"2,043",48.1,"1,193",35.1,2.0,332.0,9.76,35.2,5.6,"1,260",37.06,17.4
New Mexico St. (WAC),,606,25.25,2.0,291.0,305.0,0.95,"1,769",73.7,584,"1,369",42.7,9.0,15.0,37.5,326.0,479.0,68.1,20.0,453.0,18.9,10.0,333.0,13.88,618.0,213.0,34.5,181.0,534,22.3,"1,720",71.7,631,"1,426",44.2,806,33.6,1.9,246.0,10.25,33.9,7.5,852,35.5,13.6
New Orleans (Southland),,723,22.59,-6.1,466.0,547.0,0.85,"2,340",73.1,881,"1,858",47.4,12.0,20.0,37.5,478.0,674.0,70.9,21.1,619.0,19.3,14.0,486.0,15.19,677.0,245.0,36.2,196.0,519,16.2,"2,536",79.3,833,"1,785",46.7,"1,086",33.9,-1.7,309.0,9.66,37.8,6.1,"1,032",32.25,14.9
Niagara (MAAC),,694,22.39,-0.9,339.0,365.0,0.93,"2,016",65.0,731,"1,664",43.9,16.0,15.0,51.6,348.0,481.0,72.3,15.5,499.0,16.1,7.0,336.0,10.84,509.0,182.0,35.8,196.0,570,18.4,"2,044",65.9,736,"1,642",44.8,949,30.6,-0.2,250.0,8.06,34.4,6.3,944,30.45,11.2
Nicholls (Southland),,718,23.16,2.9,431.0,420.0,1.03,"2,344",75.6,743,"1,670",44.5,16.0,15.0,51.6,342.0,530.0,64.5,17.1,639.0,20.6,21.0,549.0,17.71,644.0,218.0,33.9,238.0,698,22.5,"2,253",72.7,882,"1,935",45.6,"1,114",35.9,-1.3,357.0,11.52,34.1,7.7,"1,075",34.68,11.0
Norfolk St. (MEAC),,823,24.94,7.2,424.0,434.0,0.98,"2,501",75.8,747,"1,832",40.8,22.0,11.0,66.7,524.0,704.0,74.4,21.3,598.0,18.1,8.0,458.0,13.88,867.0,301.0,34.7,225.0,664,20.1,"2,264",68.6,876,"1,854",47.2,"1,032",31.3,4.6,362.0,10.97,33.9,6.8,"1,185",35.91,15.9
North Ala. (ASUN),,863,26.15,-0.2,378.0,373.0,1.01,"2,446",74.1,878,"1,988",44.2,18.0,15.0,54.5,410.0,578.0,70.9,17.5,552.0,16.7,14.0,372.0,11.27,722.0,264.0,36.6,252.0,682,20.7,"2,452",74.3,892,"1,949",45.8,"1,184",35.9,-1.2,282.0,8.55,37.0,7.6,"1,145",34.7,12.4
North Carolina (ACC),,935,28.33,5.3,397.0,355.0,1.12,"2,514",76.2,876,"2,017",43.4,20.0,13.0,60.6,548.0,739.0,74.2,22.4,555.0,16.8,4.0,345.0,10.45,646.0,213.0,33.0,234.0,751,22.8,"2,340",70.9,866,"1,997",43.4,"1,127",34.2,5.4,369.0,11.18,31.2,7.1,"1,304",39.52,16.6
North Dakota (Summit League),,797,24.15,-1.8,394.0,378.0,1.04,"2,380",72.1,916,"1,948",47.0,13.0,20.0,39.4,360.0,527.0,68.3,16.0,522.0,15.8,7.0,360.0,10.91,618.0,217.0,35.1,304.0,868,26.3,"2,438",73.9,858,"1,945",44.1,"1,160",35.2,-1.8,304.0,9.21,35.0,9.2,"1,101",33.36,10.9
North Dakota St. (Summit League),,910,27.58,-0.3,370.0,379.0,0.98,"2,404",72.8,884,"2,006",44.1,16.0,17.0,48.5,425.0,597.0,71.2,18.1,509.0,15.4,7.0,295.0,8.94,719.0,243.0,33.8,247.0,735,22.3,"2,414",73.2,866,"1,904",45.5,"1,095",33.2,2.9,281.0,8.52,33.6,7.5,"1,191",36.09,12.9
North Florida (ASUN),,779,25.13,-1.4,405.0,378.0,1.07,"2,363",76.2,929,"2,004",46.4,14.0,17.0,45.2,366.0,509.0,71.9,16.4,435.0,14.0,6.0,316.0,10.19,582.0,205.0,35.2,323.0,881,28.4,"2,405",77.6,837,"1,838",45.5,"1,157",37.3,-3.2,279.0,9.0,36.7,10.4,"1,058",34.13,11.8
North Texas (CUSA),,882,23.21,8.7,428.0,451.0,0.95,"2,452",64.5,712,"1,822",39.1,31.0,7.0,81.6,460.0,609.0,75.5,16.0,619.0,16.3,13.0,465.0,12.24,643.0,194.0,30.2,284.0,809,21.3,"2,121",55.8,854,"1,957",43.6,"1,122",29.5,4.4,407.0,10.71,35.1,7.5,"1,289",33.92,12.1
Northeastern (CAA),,750,25.0,-6.4,377.0,432.0,0.87,"1,959",65.3,787,"1,750",45.0,10.0,20.0,33.3,324.0,473.0,68.5,15.8,500.0,16.7,8.0,293.0,9.77,516.0,180.0,34.9,211.0,635,21.2,"2,150",71.7,712,"1,704",41.8,988,32.9,3.1,331.0,11.03,33.2,7.0,"1,081",36.03,10.8
Northern Ariz. (Big Sky),,835,23.86,-1.0,484.0,378.0,1.28,"2,581",73.7,905,"1,917",47.2,12.0,23.0,34.3,426.0,576.0,74.0,16.5,649.0,18.5,16.0,424.0,12.11,739.0,261.0,35.3,295.0,815,23.3,"2,615",74.7,930,"2,123",43.8,"1,190",34.0,0.0,354.0,10.11,36.2,8.4,"1,189",33.97,12.2
Northern Colo. (Big Sky),,805,25.16,-3.9,363.0,382.0,0.95,"2,355",73.6,911,"1,922",47.4,12.0,20.0,37.5,438.0,588.0,74.5,18.4,596.0,18.6,22.0,313.0,9.78,639.0,211.0,33.0,265.0,741,23.2,"2,480",77.5,826,"1,843",44.8,"1,118",34.9,-1.6,263.0,8.22,35.8,8.3,"1,068",33.38,13.7
Northern Ky. (Horizon),,742,21.2,4.2,468.0,395.0,1.18,"2,372",67.8,793,"1,808",43.9,22.0,13.0,62.9,387.0,556.0,69.6,15.9,535.0,15.3,11.0,549.0,15.69,704.0,255.0,36.2,283.0,827,23.6,"2,224",63.5,851,"1,997",42.6,"1,180",33.7,-1.3,394.0,11.26,34.2,8.1,"1,136",32.46,11.1
Northwestern (Big Ten),7,824,24.24,5.0,434.0,327.0,1.33,"2,303",67.7,745,"1,801",41.4,22.0,12.0,64.7,442.0,584.0,75.7,17.2,549.0,16.1,6.0,473.0,13.91,755.0,255.0,33.8,259.0,807,23.7,"2,134",62.8,801,"1,968",40.7,"1,193",35.1,-0.6,350.0,10.29,32.1,7.6,"1,174",34.53,13.0
Northwestern St. (Southland),,714,21.64,2.6,415.0,393.0,1.06,"2,463",74.6,826,"1,819",45.4,22.0,11.0,66.7,385.0,547.0,70.4,16.6,605.0,18.3,13.0,489.0,14.82,614.0,204.0,33.2,278.0,770,23.3,"2,378",72.1,900,"2,024",44.5,"1,180",35.8,-2.0,400.0,12.12,36.1,8.4,"1,114",33.76,11.7
Notre Dame (ACC),,784,24.5,-2.5,379.0,281.0,1.35,"2,227",69.6,854,"1,862",45.9,11.0,21.0,34.4,325.0,426.0,76.3,13.3,456.0,14.3,7.0,286.0,8.94,673.0,231.0,34.3,282.0,787,24.6,"2,307",72.1,810,"1,830",44.3,"1,146",35.8,-4.8,210.0,6.56,35.8,8.8,994,31.06,10.2
Oakland (Horizon),,709,22.16,-3.0,384.0,339.0,1.13,"2,347",73.3,912,"1,949",46.8,13.0,19.0,40.6,469.0,604.0,77.6,18.9,448.0,14.0,9.0,438.0,13.69,769.0,283.0,36.8,232.0,753,23.5,"2,442",76.3,823,"1,892",43.5,"1,174",36.7,-6.2,268.0,8.38,30.8,7.3,977,30.53,14.7
Ohio (MAC),,840,25.45,5.7,412.0,370.0,1.11,"2,602",78.8,860,"1,932",44.5,19.0,14.0,57.6,417.0,571.0,73.0,17.3,585.0,17.7,11.0,410.0,12.42,747.0,254.0,34.0,295.0,791,24.0,"2,413",73.1,945,"2,063",45.8,"1,135",34.4,3.2,399.0,12.09,37.3,8.9,"1,239",37.55,12.6
Ohio St. (Big Ten),,887,25.34,3.5,410.0,375.0,1.09,"2,538",72.5,879,"2,046",43.0,16.0,19.0,45.7,403.0,545.0,73.9,15.6,573.0,16.4,14.0,369.0,10.54,751.0,241.0,32.1,239.0,650,18.6,"2,414",69.0,948,"2,052",46.2,"1,159",33.1,2.8,370.0,10.57,36.8,6.8,"1,257",35.91,11.5
Oklahoma (Big 12),,817,25.53,0.1,417.0,428.0,0.97,"2,165",67.7,797,"1,845",43.2,15.0,17.0,46.9,377.0,513.0,73.5,16.0,518.0,16.2,10.0,332.0,10.38,567.0,177.0,31.2,224.0,638,19.9,"2,161",67.5,782,"1,707",45.8,"1,050",32.8,0.0,232.0,7.25,35.1,7.0,"1,049",32.78,11.8
Oklahoma St. (Big 12),,935,25.97,2.4,452.0,507.0,0.89,"2,458",68.3,820,"2,076",39.5,20.0,16.0,55.6,461.0,664.0,69.4,18.4,611.0,17.0,7.0,464.0,12.89,808.0,255.0,31.6,247.0,797,22.1,"2,370",65.8,875,"2,046",42.8,"1,213",33.7,3.7,410.0,11.39,31.0,6.9,"1,345",37.36,12.8
Old Dominion (Sun Belt),,800,25.81,0.7,328.0,348.0,0.94,"2,073",66.9,714,"1,730",41.3,19.0,12.0,61.3,439.0,646.0,68.0,20.8,519.0,16.7,9.0,355.0,11.45,731.0,229.0,31.3,164.0,523,16.9,"2,052",66.2,735,"1,760",41.8,"1,089",35.1,2.8,375.0,12.1,31.4,5.3,"1,175",37.9,14.2
Ole Miss (SEC),,784,23.76,-1.6,432.0,402.0,1.07,"2,227",67.5,819,"1,873",43.7,12.0,21.0,36.4,392.0,564.0,69.5,17.1,525.0,15.9,8.0,398.0,12.06,645.0,218.0,33.8,203.0,671,20.3,"2,279",69.1,816,"1,933",42.2,"1,127",34.2,1.6,396.0,12.0,30.3,6.2,"1,180",35.76,11.9
Omaha (Summit League),,778,24.31,-7.7,380.0,400.0,0.95,"2,192",68.5,851,"1,859",45.8,9.0,23.0,28.1,415.0,535.0,77.6,16.7,584.0,18.3,14.0,349.0,10.91,760.0,275.0,36.2,183.0,540,16.9,"2,438",76.2,797,"1,805",44.2,"1,120",35.0,-2.6,259.0,8.09,33.9,5.7,"1,037",32.41,13.0
Oral Roberts (Summit League),12,975,27.86,13.1,514.0,329.0,1.56,"2,915",83.3,918,"2,207",41.6,30.0,5.0,85.7,424.0,548.0,77.4,15.7,453.0,12.9,3.0,445.0,12.71,868.0,301.0,34.7,375.0,"1,027",29.3,"2,458",70.2,"1,058","2,231",47.4,"1,287",36.8,0.0,313.0,8.94,36.5,10.7,"1,288",36.8,12.1
Oregon (Pac-12),,957,26.58,4.3,477.0,440.0,1.08,"2,542",70.6,866,"2,119",40.9,21.0,15.0,58.3,454.0,653.0,69.5,18.1,529.0,14.7,4.0,395.0,10.97,787.0,265.0,33.7,256.0,799,22.2,"2,386",66.3,916,"2,043",44.8,"1,165",32.4,5.3,397.0,11.03,32.0,7.1,"1,354",37.61,12.6
Oregon St. (Pac-12),,742,23.19,-5.8,326.0,429.0,0.76,"1,959",61.2,745,"1,743",42.7,11.0,21.0,34.4,415.0,551.0,75.3,17.2,570.0,17.8,8.0,377.0,11.78,665.0,225.0,33.8,192.0,605,18.9,"2,144",67.0,676,"1,647",41.0,"1,075",33.6,-2.5,254.0,7.94,31.7,6.0,996,31.13,13.0
Pacific (WCC),,777,23.55,-1.9,419.0,389.0,1.08,"2,502",75.8,906,"1,937",46.8,15.0,18.0,45.5,469.0,651.0,72.0,19.7,628.0,19.0,9.0,428.0,12.97,780.0,275.0,35.3,297.0,761,23.1,"2,565",77.7,868,"1,920",45.2,"1,219",36.9,-5.3,267.0,8.09,39.0,9.0,"1,044",31.64,14.2
Penn (Ivy League),,824,27.47,3.0,444.0,382.0,1.16,"2,249",75.0,757,"1,811",41.8,17.0,13.0,56.7,381.0,514.0,74.1,17.1,543.0,18.1,12.0,309.0,10.3,800.0,260.0,32.5,244.0,678,22.6,"2,160",72.0,812,"1,749",46.4,"1,014",33.8,3.8,304.0,10.13,36.0,8.1,"1,128",37.6,12.7
Penn St. (Big Ten),10,978,26.43,4.0,508.0,332.0,1.53,"2,673",72.2,933,"2,171",43.0,23.0,14.0,62.2,332.0,449.0,73.9,12.1,572.0,15.5,7.0,317.0,8.57,816.0,267.0,32.7,385.0,995,26.9,"2,524",68.2,978,"2,111",46.3,"1,293",34.9,-2.4,227.0,6.14,38.7,10.4,"1,205",32.57,9.0
Pepperdine (WCC),,823,26.55,-3.3,469.0,436.0,1.08,"2,417",78.0,915,"1,991",46.0,9.0,22.0,29.0,368.0,518.0,71.0,16.7,548.0,17.7,16.0,378.0,12.19,676.0,243.0,35.9,253.0,699,22.5,"2,520",81.3,898,"1,930",46.5,"1,149",37.1,-1.3,286.0,9.23,36.2,8.2,"1,109",35.77,11.9
Pittsburgh (ACC),11,937,26.03,5.4,509.0,400.0,1.27,"2,704",75.1,892,"2,122",42.0,24.0,12.0,66.7,519.0,684.0,75.9,19.0,585.0,16.3,10.0,406.0,11.28,836.0,273.0,32.7,325.0,903,25.1,"2,510",69.7,930,"2,081",44.7,"1,246",34.6,1.5,364.0,10.11,36.0,9.0,"1,301",36.14,14.4
Portland (WCC),,814,24.67,-0.8,488.0,420.0,1.16,"2,566",77.8,932,"2,045",45.6,14.0,19.0,42.4,577.0,774.0,74.5,23.5,579.0,17.5,13.0,403.0,12.21,891.0,337.0,37.8,317.0,845,25.6,"2,594",78.6,836,"1,837",45.5,"1,169",35.4,-2.6,268.0,8.12,37.5,9.6,"1,082",32.79,17.5
Portland St. (Big Sky),,685,22.1,0.7,431.0,375.0,1.15,"2,363",76.2,787,"1,669",47.2,12.0,19.0,38.7,459.0,631.0,72.7,20.4,700.0,22.6,21.0,495.0,15.97,566.0,202.0,35.7,234.0,688,22.2,"2,340",75.5,835,"1,865",44.8,"1,113",35.9,-4.5,289.0,9.32,34.0,7.5,974,31.42,14.8
Prairie View (SWAC),,745,23.28,-0.9,352.0,438.0,0.8,"2,168",67.8,742,"1,723",43.1,13.0,19.0,40.6,431.0,629.0,68.5,19.7,610.0,19.1,16.0,494.0,15.44,579.0,197.0,34.0,191.0,631,19.7,"2,196",68.6,773,"1,914",40.4,"1,079",33.7,1.4,378.0,11.81,30.3,6.0,"1,123",35.09,13.5
Presbyterian (Big South),,712,22.25,-6.3,344.0,430.0,0.8,"2,021",63.2,786,"1,686",46.6,5.0,27.0,15.6,394.0,630.0,62.5,19.7,617.0,19.3,20.0,396.0,12.38,592.0,222.0,37.5,191.0,616,19.3,"2,223",69.5,718,"1,709",42.0,"1,052",32.9,-0.1,336.0,10.5,31.0,6.0,"1,048",32.75,12.3
Princeton (Ivy League),15,923,28.84,7.0,436.0,385.0,1.13,"2,416",75.5,810,"1,904",42.5,23.0,9.0,71.9,410.0,576.0,71.2,18.0,512.0,16.0,7.0,336.0,10.5,633.0,204.0,32.2,272.0,796,24.9,"2,192",68.5,867,"1,906",45.5,"1,055",33.0,6.0,325.0,10.16,34.2,8.5,"1,248",39.0,12.8
Providence (Big East),11,857,25.97,6.3,482.0,387.0,1.25,"2,552",77.3,872,"1,980",44.0,21.0,12.0,63.6,532.0,717.0,74.2,21.7,495.0,15.0,5.0,387.0,11.73,665.0,225.0,33.8,218.0,630,19.1,"2,343",71.0,901,"1,975",45.6,"1,069",32.4,5.7,400.0,12.12,34.6,6.6,"1,257",38.09,16.1
Purdue (Big Ten),1,924,26.4,9.9,542.0,388.0,1.4,"2,543",72.7,842,"2,024",41.6,29.0,6.0,82.9,536.0,720.0,74.4,20.6,479.0,13.7,0.0,348.0,9.94,717.0,225.0,31.4,239.0,743,21.2,"2,196",62.7,884,"1,936",45.7,975,27.9,10.8,430.0,12.29,32.2,6.8,"1,354",38.69,15.3
Purdue Fort Wayne (Horizon),,821,25.66,4.1,418.0,421.0,0.99,"2,364",73.9,847,"1,909",44.4,17.0,15.0,53.1,384.0,545.0,70.5,17.0,467.0,14.6,3.0,414.0,12.94,754.0,228.0,30.2,308.0,891,27.8,"2,234",69.8,836,"1,906",43.9,"1,107",34.6,1.0,318.0,9.94,34.6,9.6,"1,139",35.59,12.0
Quinnipiac (MAAC),,832,26.0,3.3,419.0,404.0,1.04,"2,335",73.0,822,"1,941",42.3,20.0,12.0,62.5,420.0,630.0,66.7,19.7,525.0,16.4,8.0,377.0,11.78,710.0,225.0,31.7,263.0,725,22.7,"2,231",69.7,826,"1,908",43.3,"1,092",34.1,3.3,365.0,11.41,36.3,8.2,"1,197",37.41,13.1
Radford (Big South),,832,23.11,4.6,426.0,426.0,1.0,"2,496",69.3,849,"1,889",44.9,21.0,15.0,58.3,399.0,579.0,68.9,16.1,606.0,16.8,10.0,483.0,13.42,701.0,233.0,33.2,235.0,654,18.2,"2,332",64.8,931,"2,023",46.0,"1,128",31.3,2.1,370.0,10.28,35.9,6.5,"1,202",33.39,11.1
Rhode Island (Atlantic 10),,785,25.32,-4.6,347.0,437.0,0.79,"2,046",66.0,793,"1,822",43.5,9.0,22.0,29.0,486.0,653.0,74.4,21.1,557.0,18.0,8.0,370.0,11.94,633.0,203.0,32.1,168.0,553,17.8,"2,190",70.6,696,"1,765",39.4,"1,115",36.0,1.1,363.0,11.71,30.4,5.4,"1,148",37.03,15.7
Rice (CUSA),,926,26.46,0.4,533.0,450.0,1.18,"2,693",76.9,"1,006","2,161",46.6,19.0,16.0,54.3,473.0,641.0,73.8,18.3,541.0,15.5,6.0,417.0,11.91,809.0,294.0,36.3,308.0,875,25.0,"2,680",76.6,956,"2,052",46.6,"1,211",34.6,0.3,294.0,8.4,35.2,8.8,"1,220",34.86,13.5
Richmond (Atlantic 10),,841,25.48,1.1,402.0,380.0,1.06,"2,273",68.9,813,"1,893",42.9,15.0,18.0,45.5,440.0,591.0,74.5,17.9,499.0,15.1,3.0,381.0,11.55,762.0,251.0,32.9,261.0,790,23.9,"2,237",67.8,786,"1,791",43.9,"1,137",34.5,-2.1,226.0,6.85,33.0,7.9,"1,067",32.33,13.3
Rider (MAAC),,746,24.87,2.6,341.0,345.0,0.99,"2,105",70.2,690,"1,625",42.5,16.0,14.0,53.3,369.0,502.0,73.5,16.7,548.0,18.3,11.0,334.0,11.13,699.0,249.0,35.6,150.0,449,15.0,"2,027",67.6,793,"1,746",45.4,947,31.6,4.6,339.0,11.3,33.4,5.0,"1,085",36.17,12.3
Robert Morris (Horizon),,808,24.48,2.5,457.0,432.0,1.06,"2,287",69.3,793,"1,831",43.3,16.0,17.0,48.5,364.0,505.0,72.1,15.3,533.0,16.2,8.0,435.0,13.18,591.0,209.0,35.4,235.0,703,21.3,"2,205",66.8,844,"1,904",44.3,"1,110",33.6,1.1,337.0,10.21,33.4,7.1,"1,145",34.7,11.0
Rutgers (Big Ten),,857,25.21,7.3,512.0,388.0,1.32,"2,326",68.4,742,"1,855",40.0,19.0,15.0,55.9,397.0,567.0,70.0,16.7,543.0,16.0,8.0,492.0,14.47,796.0,245.0,30.8,195.0,608,17.9,"2,079",61.1,867,"2,012",43.1,"1,166",34.3,2.5,394.0,11.59,32.1,5.7,"1,251",36.79,11.7
SFA (WAC),,760,23.75,5.9,482.0,493.0,0.98,"2,427",75.8,764,"1,740",43.9,19.0,13.0,59.4,490.0,684.0,71.6,21.4,685.0,21.4,15.0,578.0,18.06,645.0,214.0,33.2,203.0,532,16.6,"2,238",69.9,867,"1,834",47.3,"1,067",33.3,1.1,342.0,10.69,38.2,6.3,"1,102",34.44,15.3
SIUE (OVC),,850,25.76,3.3,407.0,421.0,0.97,"2,463",74.6,823,"1,936",42.5,19.0,14.0,57.6,559.0,767.0,72.9,23.2,576.0,17.5,17.0,452.0,13.7,699.0,235.0,33.6,236.0,718,21.8,"2,353",71.3,834,"1,917",43.5,"1,171",35.5,1.5,372.0,11.27,32.9,7.2,"1,222",37.03,16.9
SMU (AAC),,783,24.47,-5.3,436.0,413.0,1.06,"2,248",70.3,864,"1,908",45.3,10.0,22.0,31.3,427.0,634.0,67.4,19.8,556.0,17.4,6.0,428.0,13.38,708.0,247.0,34.9,201.0,646,20.2,"2,418",75.6,810,"1,919",42.2,"1,201",37.5,-2.6,335.0,10.47,31.1,6.3,"1,118",34.94,13.3
Sacramento St. (Big Sky),,793,24.78,-1.7,436.0,427.0,1.02,"2,114",66.1,822,"1,801",45.6,14.0,18.0,43.8,341.0,489.0,69.7,15.3,497.0,15.5,8.0,302.0,9.44,549.0,193.0,35.2,217.0,629,19.7,"2,169",67.8,778,"1,751",44.4,950,29.7,6.0,348.0,10.88,34.5,6.8,"1,141",35.66,10.7
Sacred Heart (NEC),,831,25.18,-0.6,444.0,438.0,1.01,"2,332",70.7,866,"1,973",43.9,16.0,17.0,48.5,375.0,553.0,67.8,16.8,502.0,15.2,3.0,463.0,14.03,729.0,246.0,33.7,229.0,731,22.2,"2,351",71.2,864,"2,002",43.2,"1,226",37.2,-1.4,349.0,10.58,31.3,6.9,"1,180",35.76,11.4
Saint Francis (PA) (NEC),,772,24.9,-0.7,430.0,391.0,1.1,"2,263",73.0,843,"1,868",45.1,13.0,18.0,41.9,397.0,564.0,70.4,18.2,510.0,16.5,6.0,329.0,10.61,660.0,218.0,33.0,240.0,633,20.4,"2,286",73.7,813,"1,760",46.2,"1,062",34.3,-0.8,265.0,8.55,37.9,7.7,"1,037",33.45,12.8
Saint Joseph's (Atlantic 10),,800,24.24,0.0,399.0,421.0,0.95,"2,388",72.4,834,"1,923",43.4,16.0,17.0,48.5,462.0,657.0,70.3,19.9,578.0,17.5,18.0,437.0,13.24,810.0,276.0,34.1,290.0,882,26.7,"2,389",72.4,818,"1,920",42.6,"1,195",36.2,-1.6,342.0,10.36,32.9,8.8,"1,142",34.61,14.0
Saint Louis (Atlantic 10),,919,27.85,4.4,543.0,399.0,1.36,"2,493",75.5,819,"1,977",41.4,21.0,12.0,63.6,421.0,576.0,73.1,17.5,558.0,16.9,7.0,353.0,10.7,754.0,254.0,33.7,230.0,645,19.5,"2,348",71.2,921,"1,970",46.8,"1,110",33.6,4.4,335.0,10.15,35.7,7.0,"1,254",38.0,12.8
Saint Mary's (CA) (WCC),,865,24.71,10.5,439.0,373.0,1.18,"2,473",70.7,753,"1,806",41.7,27.0,8.0,77.1,434.0,625.0,69.4,17.9,579.0,16.5,14.0,436.0,12.46,577.0,191.0,33.1,263.0,720,20.6,"2,105",60.1,888,"1,952",45.5,"1,000",28.6,6.7,371.0,10.6,36.5,7.5,"1,236",35.31,12.4
Saint Peter's (MAAC),,686,21.44,-3.0,336.0,393.0,0.85,"1,986",62.1,664,"1,551",42.8,14.0,18.0,43.8,364.0,528.0,68.9,16.5,681.0,21.3,14.0,402.0,12.56,557.0,189.0,33.9,190.0,648,20.3,"2,083",65.1,716,"1,830",39.1,"1,037",32.4,2.6,433.0,13.53,29.3,5.9,"1,119",34.97,11.4
Sam Houston (WAC),,862,25.35,12.9,460.0,446.0,1.03,"2,454",72.2,667,"1,704",39.1,26.0,8.0,76.5,389.0,575.0,67.7,16.9,606.0,17.8,8.0,564.0,16.59,795.0,262.0,33.0,277.0,731,21.5,"2,015",59.3,894,"1,961",45.6,"1,040",30.6,6.2,388.0,11.41,37.9,8.1,"1,250",36.76,11.4
Samford (SoCon),,818,25.56,7.2,374.0,405.0,0.92,"2,519",78.7,770,"1,783",43.2,21.0,11.0,65.6,565.0,756.0,74.7,23.6,598.0,18.7,15.0,468.0,14.63,782.0,287.0,36.7,290.0,822,25.7,"2,290",71.6,832,"1,833",45.4,"1,066",33.3,2.2,319.0,9.97,35.3,9.1,"1,137",35.53,17.7
San Diego (WCC),,713,23.0,-3.4,398.0,355.0,1.12,"2,391",77.1,897,"1,818",49.3,11.0,20.0,35.5,449.0,587.0,76.5,18.9,547.0,17.6,13.0,399.0,12.87,757.0,309.0,40.8,244.0,691,22.3,"2,495",80.5,849,"1,882",45.1,"1,077",34.7,-1.6,314.0,10.13,35.3,7.9,"1,027",33.13,14.5
San Diego St. (Mountain West),5,990,25.38,7.7,504.0,452.0,1.12,"2,775",71.2,878,"2,146",40.9,32.0,7.0,82.1,532.0,737.0,72.2,18.9,634.0,16.3,9.0,503.0,12.9,857.0,243.0,28.4,271.0,778,19.9,"2,475",63.5,986,"2,251",43.8,"1,255",32.2,4.1,426.0,10.92,34.8,6.9,"1,416",36.31,13.6
San Francisco (WCC),,847,24.91,2.8,436.0,469.0,0.93,"2,591",76.2,854,"1,941",44.0,20.0,14.0,58.8,476.0,635.0,75.0,18.7,629.0,18.5,11.0,431.0,12.68,675.0,230.0,34.1,349.0,966,28.4,"2,496",73.4,883,"1,975",44.7,"1,113",32.7,1.8,326.0,9.59,36.1,10.3,"1,173",34.5,14.0
San Jose St. (Mountain West),,912,26.06,1.3,428.0,416.0,1.03,"2,362",67.5,826,"1,970",41.9,21.0,14.0,60.0,359.0,529.0,67.9,15.1,545.0,15.6,6.0,291.0,8.31,700.0,240.0,34.3,265.0,814,23.3,"2,318",66.2,869,"1,996",43.5,"1,067",30.5,7.7,423.0,12.09,32.6,7.6,"1,335",38.14,10.3
Santa Clara (WCC),,910,27.58,3.8,460.0,414.0,1.11,"2,538",76.9,883,"2,035",43.4,23.0,10.0,69.7,425.0,604.0,70.4,18.3,519.0,15.7,7.0,392.0,11.88,785.0,281.0,35.8,275.0,742,22.5,"2,413",73.1,919,"2,026",45.4,"1,106",33.5,4.7,351.0,10.64,37.1,8.3,"1,261",38.21,12.9
Seattle U (WAC),,827,25.84,2.9,381.0,382.0,1.0,"2,303",72.0,791,"1,847",42.8,20.0,12.0,62.5,456.0,635.0,71.8,19.8,581.0,18.2,14.0,422.0,13.19,643.0,207.0,32.2,275.0,870,27.2,"2,209",69.0,786,"1,953",40.2,"1,125",35.2,1.9,359.0,11.22,31.6,8.6,"1,186",37.06,14.3
Seton Hall (Big East),,808,24.48,3.2,401.0,454.0,0.88,"2,256",68.4,762,"1,835",41.5,17.0,16.0,51.5,498.0,726.0,68.6,22.0,586.0,17.8,10.0,475.0,14.39,676.0,215.0,31.8,190.0,585,17.7,"2,149",65.1,784,"1,785",43.9,"1,121",34.0,1.1,349.0,10.58,32.5,5.8,"1,157",35.06,15.1
Siena (MAAC),,775,24.22,1.4,409.0,420.0,0.97,"2,195",68.6,793,"1,765",44.9,17.0,15.0,53.1,450.0,611.0,73.6,19.1,547.0,17.1,10.0,398.0,12.44,495.0,166.0,33.5,213.0,611,19.1,"2,151",67.2,766,"1,769",43.3,"1,019",31.8,2.5,323.0,10.09,34.9,6.7,"1,098",34.31,14.1
South Alabama (Sun Belt),,901,25.74,5.7,399.0,342.0,1.17,"2,483",70.9,853,"2,032",42.0,19.0,16.0,54.3,307.0,447.0,68.7,12.8,512.0,14.6,5.0,384.0,10.97,581.0,171.0,29.4,266.0,770,22.0,"2,282",65.2,955,"2,036",46.9,"1,253",35.8,-3.1,242.0,6.91,34.5,7.6,"1,143",32.66,8.8
South Carolina (SEC),,713,22.28,-8.3,355.0,421.0,0.84,"2,059",64.3,864,"1,858",46.5,11.0,21.0,34.4,327.0,495.0,66.1,15.5,512.0,16.0,14.0,336.0,10.5,674.0,228.0,33.8,244.0,755,23.6,"2,324",72.6,744,"1,846",40.3,"1,122",35.1,-1.0,378.0,11.81,32.3,7.6,"1,091",34.09,10.2
South Carolina St. (MEAC),,668,21.55,-10.5,435.0,486.0,0.9,"2,274",73.4,890,"1,785",49.9,5.0,26.0,16.1,385.0,575.0,67.0,18.5,637.0,20.5,10.0,485.0,15.65,652.0,259.0,39.7,213.0,671,21.6,"2,599",83.8,838,"1,980",42.3,"1,152",37.2,-1.8,429.0,13.84,31.7,6.9,"1,097",35.39,12.4
South Dakota (Summit League),,774,24.97,-4.3,385.0,360.0,1.07,"2,149",69.3,813,"1,800",45.2,12.0,19.0,38.7,364.0,476.0,76.5,15.4,540.0,17.4,10.0,305.0,9.84,718.0,256.0,35.7,275.0,706,22.8,"2,282",73.6,755,"1,750",43.1,"1,060",34.2,-0.6,267.0,8.61,39.0,8.9,"1,041",33.58,11.7
South Dakota St. (Summit League),,817,25.53,1.2,341.0,371.0,0.92,"2,270",70.9,826,"1,880",43.9,19.0,13.0,59.4,400.0,505.0,79.2,15.8,456.0,14.3,9.0,381.0,11.91,768.0,254.0,33.1,246.0,700,21.9,"2,233",69.8,812,"1,805",45.0,"1,092",34.1,-1.6,223.0,6.97,35.1,7.7,"1,040",32.5,12.5
South Fla. (AAC),,816,25.5,0.0,429.0,437.0,0.98,"2,303",72.0,783,"1,818",43.1,14.0,18.0,43.8,379.0,582.0,65.1,18.2,568.0,17.8,9.0,418.0,13.06,702.0,245.0,34.9,236.0,703,22.0,"2,303",72.0,844,"1,894",44.6,"1,087",34.0,3.4,381.0,11.91,33.6,7.4,"1,197",37.41,11.8
Southeast Mo. St. (OVC),,915,25.42,1.5,497.0,471.0,1.06,"2,789",77.5,928,"2,085",44.5,19.0,17.0,52.8,587.0,828.0,70.9,23.0,767.0,21.3,35.0,527.0,14.64,744.0,256.0,34.4,286.0,875,24.3,"2,734",75.9,958,"2,191",43.7,"1,305",36.3,-1.2,347.0,9.64,32.7,7.9,"1,262",35.06,16.3
Southeastern La. (Southland),,778,24.31,1.6,453.0,390.0,1.16,"2,483",77.6,861,"1,872",46.0,18.0,14.0,56.3,457.0,616.0,74.2,19.3,557.0,17.4,10.0,465.0,14.53,772.0,295.0,38.2,248.0,672,21.0,"2,432",76.0,889,"1,942",45.8,"1,135",35.5,-0.9,329.0,10.28,36.9,7.8,"1,107",34.59,14.3
USC (Pac-12),10,854,25.88,5.0,445.0,410.0,1.09,"2,389",72.4,776,"1,977",39.3,22.0,11.0,66.7,465.0,624.0,74.5,18.9,568.0,17.2,15.0,406.0,12.3,733.0,245.0,33.4,214.0,620,18.8,"2,224",67.4,855,"1,878",45.5,"1,181",35.8,-0.5,310.0,9.39,34.5,6.5,"1,164",35.27,14.1
Southern Ill. (MVC),,812,24.61,4.3,459.0,414.0,1.11,"2,168",65.7,743,"1,769",42.0,23.0,10.0,69.7,371.0,513.0,72.3,15.5,539.0,16.3,6.0,428.0,12.97,609.0,201.0,33.0,259.0,795,24.1,"2,026",61.4,769,"1,716",44.8,"1,067",32.3,-0.8,228.0,6.91,32.6,7.8,"1,040",31.52,11.2
Southern Miss. (Sun Belt),,837,25.36,7.7,489.0,403.0,1.21,"2,436",73.8,778,"1,874",41.5,25.0,8.0,75.8,444.0,622.0,71.4,18.8,545.0,16.5,6.0,481.0,14.58,709.0,225.0,31.7,230.0,714,21.6,"2,182",66.1,881,"1,937",45.5,"1,119",33.9,2.5,366.0,11.09,32.2,7.0,"1,203",36.45,13.5
Southern U. (SWAC),,756,23.63,0.6,451.0,468.0,0.96,"2,300",71.9,766,"1,741",44.0,15.0,17.0,46.9,448.0,627.0,71.5,19.6,639.0,20.0,13.0,552.0,17.25,722.0,239.0,33.1,244.0,737,23.0,"2,280",71.3,804,"1,872",42.9,"1,136",35.5,-3.1,281.0,8.78,33.1,7.6,"1,037",32.41,14.0
Southern Utah (WAC),,"1,032",27.89,8.1,485.0,492.0,0.99,"3,064",82.8,999,"2,270",44.0,24.0,13.0,64.9,623.0,859.0,72.5,23.2,680.0,18.4,25.0,527.0,14.24,829.0,288.0,34.7,313.0,887,24.0,"2,764",74.7,"1,064","2,286",46.5,"1,292",34.9,3.6,395.0,10.68,35.3,8.5,"1,427",38.57,16.8
St. Bonaventure (Atlantic 10),,747,23.34,-0.9,380.0,405.0,0.94,"2,136",66.8,735,"1,713",42.9,14.0,18.0,43.8,372.0,529.0,70.3,16.5,596.0,18.6,22.0,418.0,13.06,675.0,194.0,28.7,226.0,650,20.3,"2,165",67.7,769,"1,794",42.9,"1,104",34.5,-1.8,301.0,9.41,34.8,7.1,"1,048",32.75,11.6
St. Francis Brooklyn (NEC),,674,22.47,-2.9,369.0,414.0,0.89,"1,946",64.9,749,"1,677",44.7,14.0,16.0,46.7,366.0,524.0,69.8,17.5,460.0,15.3,10.0,409.0,13.63,454.0,177.0,39.0,204.0,577,19.2,"2,034",67.8,688,"1,701",40.4,"1,053",35.1,-1.2,342.0,11.4,35.4,6.8,"1,016",33.87,12.2
St. John's (NY) (Big East),,891,27.0,2.2,500.0,462.0,1.08,"2,552",77.3,885,"2,037",43.4,18.0,15.0,54.5,419.0,599.0,69.9,18.2,535.0,16.2,8.0,486.0,14.73,802.0,277.0,34.5,193.0,583,17.7,"2,481",75.2,970,"2,159",44.9,"1,178",35.7,4.4,433.0,13.12,33.1,5.8,"1,324",40.12,12.7
Stanford (Pac-12),,795,24.09,2.0,490.0,413.0,1.19,"2,321",70.3,806,"1,819",44.3,14.0,19.0,42.4,378.0,545.0,69.4,16.5,557.0,16.9,5.0,400.0,12.12,742.0,263.0,35.4,267.0,736,22.3,"2,256",68.4,838,"1,853",45.2,"1,041",31.5,2.9,342.0,10.36,36.3,8.1,"1,137",34.45,11.5
Stetson (ASUN),,765,24.68,3.0,429.0,329.0,1.3,"2,381",76.8,826,"1,821",45.4,17.0,14.0,54.8,356.0,461.0,77.2,14.9,484.0,15.6,5.0,317.0,10.23,692.0,244.0,35.3,311.0,811,26.2,"2,287",73.8,857,"1,860",46.1,"1,034",33.4,1.6,320.0,10.32,38.3,10.0,"1,085",35.0,11.5
Stony Brook (CAA),,867,26.27,-5.9,389.0,413.0,0.94,"2,083",63.1,824,"1,935",42.6,11.0,22.0,33.3,375.0,504.0,74.4,15.3,499.0,15.1,8.0,303.0,9.18,846.0,289.0,34.2,256.0,794,24.1,"2,279",69.1,726,"1,756",41.3,"1,161",35.2,-1.3,252.0,7.64,32.2,7.8,"1,119",33.91,11.4
Syracuse (ACC),,789,24.66,1.2,459.0,373.0,1.23,"2,372",74.1,851,"1,984",42.9,17.0,15.0,53.1,432.0,577.0,74.9,18.0,427.0,13.3,10.0,412.0,12.88,958.0,329.0,34.3,198.0,547,17.1,"2,333",72.9,871,"1,883",46.3,"1,159",36.2,-1.4,324.0,10.13,36.2,6.2,"1,113",34.78,13.5
TCU (Big 12),6,852,24.34,6.8,565.0,416.0,1.36,"2,634",75.3,871,"2,038",42.7,22.0,13.0,62.9,507.0,725.0,69.9,20.7,578.0,16.5,4.0,539.0,15.4,714.0,220.0,30.8,197.0,636,18.2,"2,395",68.4,965,"2,128",45.3,"1,221",34.9,0.9,402.0,11.49,31.0,5.6,"1,254",35.83,14.5
Temple (AAC),,815,25.47,-0.6,441.0,434.0,1.02,"2,227",69.6,810,"1,881",43.1,16.0,16.0,50.0,464.0,613.0,75.7,19.2,538.0,16.8,11.0,360.0,11.25,634.0,213.0,33.6,255.0,773,24.2,"2,247",70.2,754,"1,774",42.5,"1,108",34.6,0.6,311.0,9.72,33.0,8.0,"1,126",35.19,14.5
Tennessee (SEC),4,918,25.5,12.9,601.0,431.0,1.39,"2,547",70.8,707,"1,895",37.3,25.0,11.0,69.4,455.0,643.0,70.8,17.9,596.0,16.6,7.0,528.0,14.67,792.0,210.0,26.5,276.0,840,23.3,"2,084",57.9,908,"2,097",43.3,"1,147",31.9,6.5,464.0,12.89,32.9,7.7,"1,382",38.39,12.6
Tennessee St. (OVC),,828,25.88,3.1,427.0,403.0,1.06,"2,499",78.1,809,"1,845",43.8,18.0,14.0,56.3,482.0,694.0,69.5,21.7,654.0,20.4,20.0,436.0,13.63,675.0,233.0,34.5,281.0,804,25.1,"2,401",75.0,868,"1,935",44.9,"1,148",35.9,0.5,336.0,10.5,35.0,8.8,"1,164",36.38,15.1
Tennessee Tech (OVC),,849,25.73,0.3,476.0,416.0,1.14,"2,432",73.7,888,"2,026",43.8,16.0,17.0,48.5,410.0,570.0,71.9,17.3,527.0,16.0,10.0,437.0,13.24,793.0,260.0,32.8,302.0,829,25.1,"2,421",73.4,860,"1,967",43.7,"1,237",37.5,-2.4,310.0,9.39,36.4,9.2,"1,159",35.12,12.4
Texas (Big 12),2,930,24.47,10.1,614.0,439.0,1.4,"2,963",78.0,906,"2,132",42.5,29.0,9.0,76.3,523.0,699.0,74.8,18.4,663.0,17.4,10.0,595.0,15.66,741.0,240.0,32.4,274.0,790,20.8,"2,578",67.8,"1,083","2,289",47.3,"1,307",34.4,-0.3,366.0,9.63,34.7,7.2,"1,296",34.11,13.8
Texas A&M (SEC),7,853,24.37,6.3,439.0,430.0,1.02,"2,549",72.8,783,"1,924",40.7,25.0,10.0,71.4,662.0,872.0,75.9,24.9,637.0,18.2,15.0,490.0,14.0,880.0,290.0,33.0,217.0,666,19.0,"2,327",66.5,835,"1,932",43.2,"1,122",32.1,4.7,435.0,12.43,32.6,6.2,"1,288",36.8,18.9
Texas Southern (SWAC),16,908,25.94,-2.7,412.0,511.0,0.81,"2,422",69.2,868,"2,029",42.8,14.0,21.0,40.0,471.0,709.0,66.4,20.3,657.0,18.8,17.0,481.0,13.74,724.0,240.0,33.1,163.0,588,16.8,"2,518",71.9,894,"2,095",42.7,"1,242",35.5,2.0,405.0,11.57,27.7,4.7,"1,313",37.51,13.5
Texas St. (Sun Belt),,784,22.4,-0.7,346.0,411.0,0.84,"2,309",66.0,800,"1,799",44.5,16.0,19.0,45.7,459.0,630.0,72.9,18.0,630.0,18.0,15.0,427.0,12.2,598.0,216.0,36.1,154.0,501,14.3,"2,334",66.7,848,"1,918",44.2,"1,078",30.8,1.9,359.0,10.26,30.7,4.4,"1,143",32.66,13.1
Texas Tech (Big 12),,791,24.72,4.3,413.0,441.0,0.94,"2,347",73.3,785,"1,872",41.9,16.0,16.0,50.0,455.0,630.0,72.2,19.7,494.0,15.4,4.0,443.0,13.84,802.0,260.0,32.4,230.0,666,20.8,"2,208",69.0,831,"1,810",45.9,"1,049",32.8,2.4,334.0,10.44,34.5,7.2,"1,125",35.16,14.2
The Citadel (SoCon),,781,24.41,-6.8,365.0,393.0,0.93,"2,158",67.4,831,"1,861",44.7,10.0,22.0,31.3,388.0,514.0,75.5,16.1,539.0,16.8,15.0,361.0,11.28,777.0,260.0,33.5,228.0,702,21.9,"2,374",74.2,771,"1,786",43.2,"1,186",37.1,-5.3,234.0,7.31,32.5,7.1,"1,015",31.72,12.1
Toledo (MAC),,839,23.97,8.5,521.0,336.0,1.55,"2,989",85.4,981,"2,128",46.1,27.0,8.0,77.1,573.0,744.0,77.0,21.3,564.0,16.1,8.0,452.0,12.91,807.0,295.0,36.6,302.0,764,21.8,"2,691",76.9,"1,057","2,138",49.4,"1,188",33.9,0.1,353.0,10.09,39.5,8.6,"1,192",34.06,16.4
Towson (CAA),,825,25.0,5.0,461.0,404.0,1.14,"2,368",71.8,774,"1,845",42.0,21.0,12.0,63.6,405.0,572.0,70.8,17.3,538.0,16.3,8.0,388.0,11.76,737.0,245.0,33.2,243.0,663,20.1,"2,202",66.7,860,"1,922",44.7,"1,033",31.3,6.0,407.0,12.33,36.7,7.4,"1,232",37.33,12.3
Troy (Sun Belt),,789,23.91,6.4,447.0,424.0,1.05,"2,414",73.2,770,"1,814",42.4,20.0,13.0,60.6,443.0,632.0,70.1,19.2,559.0,16.9,11.0,513.0,15.55,648.0,207.0,31.9,255.0,798,24.2,"2,204",66.8,858,"1,945",44.1,"1,137",34.5,0.4,362.0,10.97,32.0,7.7,"1,151",34.88,13.4
Tulane (AAC),,826,26.65,2.8,485.0,351.0,1.38,"2,478",79.9,845,"1,969",42.9,20.0,11.0,64.5,515.0,663.0,77.7,21.4,511.0,16.5,18.0,450.0,14.52,827.0,295.0,35.7,241.0,713,23.0,"2,392",77.2,861,"1,873",46.0,"1,243",40.1,-6.6,211.0,6.81,33.8,7.8,"1,037",33.45,16.6
Tulsa (AAC),,687,22.9,-12.1,348.0,397.0,0.88,"1,959",65.3,864,"1,822",47.4,5.0,25.0,16.7,299.0,463.0,64.6,15.4,464.0,15.5,5.0,355.0,11.83,722.0,226.0,31.3,230.0,735,24.5,"2,323",77.4,715,"1,733",41.3,"1,160",38.7,-6.7,271.0,9.03,31.3,7.7,958,31.93,10.0
UAB (CUSA),,"1,069",27.41,10.5,551.0,488.0,1.13,"3,149",80.7,984,"2,391",41.2,29.0,10.0,74.4,649.0,876.0,74.1,22.5,664.0,17.0,6.0,552.0,14.15,903.0,283.0,31.3,276.0,778,19.9,"2,740",70.3,"1,112","2,462",45.2,"1,381",35.4,5.5,526.0,13.49,35.5,7.1,"1,595",40.9,16.6
UAlbany (America East),,716,23.1,-7.9,363.0,414.0,0.88,"2,086",67.3,836,"1,704",49.1,8.0,23.0,25.8,397.0,550.0,72.2,17.7,576.0,18.6,11.0,364.0,11.74,571.0,201.0,35.2,237.0,725,23.4,"2,332",75.2,726,"1,755",41.4,"1,040",33.5,-0.2,317.0,10.23,32.7,7.6,"1,033",33.32,12.8
UC Davis (Big West),,809,25.28,3.7,389.0,471.0,0.83,"2,392",74.8,830,"1,862",44.6,18.0,14.0,56.3,560.0,790.0,70.9,24.7,600.0,18.8,10.0,473.0,14.78,559.0,205.0,36.7,214.0,630,19.7,"2,274",71.1,809,"1,820",44.5,"1,050",32.8,4.3,377.0,11.78,34.0,6.7,"1,186",37.06,17.5
UC Irvine (Big West),,955,27.29,7.6,518.0,431.0,1.2,"2,617",74.8,797,"2,010",39.7,23.0,12.0,65.7,432.0,600.0,72.0,17.1,666.0,19.0,17.0,445.0,12.71,716.0,231.0,32.3,247.0,656,18.7,"2,352",67.2,969,"2,082",46.5,"1,185",33.9,3.2,341.0,9.74,37.7,7.1,"1,296",37.03,12.3
UC Riverside (Big West),,861,25.32,3.3,450.0,417.0,1.08,"2,463",72.4,841,"1,848",45.5,22.0,12.0,64.7,367.0,526.0,69.8,15.5,629.0,18.5,16.0,406.0,11.94,537.0,180.0,33.5,284.0,784,23.1,"2,352",69.2,906,"2,047",44.3,"1,078",31.7,5.1,390.0,11.47,36.2,8.4,"1,251",36.79,10.8
UCSB (Big West),14,834,23.83,5.9,495.0,397.0,1.25,"2,510",71.7,845,"1,902",44.4,27.0,8.0,77.1,468.0,644.0,72.7,18.4,562.0,16.1,12.0,430.0,12.29,599.0,206.0,34.4,194.0,555,15.9,"2,305",65.9,924,"1,875",49.3,"1,057",30.2,1.6,279.0,7.97,35.0,5.5,"1,113",31.8,13.4
UCF (AAC),,797,23.44,6.0,469.0,452.0,1.04,"2,432",71.5,779,"1,855",42.0,19.0,15.0,55.9,441.0,572.0,77.1,16.8,566.0,16.6,14.0,504.0,14.82,720.0,221.0,30.7,295.0,835,24.6,"2,228",65.5,848,"1,980",42.8,"1,130",33.2,1.8,393.0,11.56,35.3,8.7,"1,190",35.0,13.0
UCLA (Pac-12),2,889,24.03,13.5,538.0,371.0,1.45,"2,743",74.1,812,"1,992",40.8,31.0,6.0,83.8,450.0,616.0,73.1,16.6,573.0,15.5,9.0,580.0,15.68,772.0,240.0,31.1,227.0,651,17.6,"2,245",60.7,"1,033","2,245",46.0,"1,198",32.4,2.9,418.0,11.3,34.9,6.1,"1,307",35.32,12.2
UConn (Big East),4,"1,027",26.33,14.4,684.0,503.0,1.36,"3,064",78.6,856,"2,145",39.9,31.0,8.0,79.5,547.0,719.0,76.1,18.4,692.0,17.7,10.0,493.0,12.64,653.0,194.0,29.7,353.0,973,24.9,"2,501",64.1,"1,082","2,333",46.4,"1,173",30.1,9.3,507.0,13.0,36.3,9.1,"1,534",39.33,14.0
UIC (MVC),,768,24.0,-4.5,421.0,410.0,1.03,"2,149",67.2,823,"1,841",44.7,12.0,20.0,37.5,400.0,611.0,65.5,19.1,560.0,17.5,12.0,443.0,13.84,633.0,215.0,34.0,255.0,774,24.2,"2,292",71.6,747,"1,794",41.6,"1,224",38.3,-5.8,269.0,8.41,32.9,8.0,"1,037",32.41,12.5
UIW (Southland),,692,22.32,-3.1,382.0,426.0,0.9,"2,194",70.8,832,"1,759",47.3,12.0,19.0,38.7,448.0,599.0,74.8,19.3,532.0,17.2,10.0,455.0,14.68,600.0,214.0,35.7,194.0,557,18.0,"2,290",73.9,776,"1,756",44.2,"1,087",35.1,-3.6,284.0,9.16,34.8,6.3,976,31.48,14.5
ULM (Sun Belt),,779,24.34,-2.4,403.0,405.0,1.0,"2,157",67.4,804,"1,838",43.7,11.0,21.0,34.4,397.0,557.0,71.3,17.4,484.0,15.1,10.0,405.0,12.66,722.0,250.0,34.6,242.0,690,21.6,"2,235",69.8,759,"1,860",40.8,"1,134",35.4,-0.3,345.0,10.78,35.1,7.6,"1,124",35.13,12.4
UMBC (America East),,796,24.88,1.6,456.0,323.0,1.41,"2,378",74.3,851,"1,881",45.2,18.0,14.0,56.3,383.0,511.0,75.0,16.0,467.0,14.6,3.0,370.0,11.56,721.0,272.0,37.7,257.0,754,23.6,"2,328",72.8,869,"1,931",45.0,"1,113",34.8,-0.6,297.0,9.28,34.1,8.0,"1,093",34.16,12.0
UMES (MEAC),,683,22.03,3.5,417.0,454.0,0.92,"2,162",69.7,729,"1,674",43.5,18.0,13.0,58.1,381.0,530.0,71.9,17.1,515.0,16.6,5.0,589.0,19.0,611.0,197.0,32.2,229.0,720,23.2,"2,054",66.3,776,"1,812",42.8,"1,057",34.1,-2.2,305.0,9.84,31.8,7.4,988,31.87,12.3
UMass Lowell (America East),,908,26.71,12.1,486.0,466.0,1.04,"2,653",78.0,790,"1,940",40.7,26.0,8.0,76.5,487.0,662.0,73.6,19.5,572.0,16.8,7.0,471.0,13.85,634.0,212.0,33.4,236.0,619,18.2,"2,243",66.0,965,"1,995",48.4,"1,029",30.3,8.4,406.0,11.94,38.1,6.9,"1,314",38.65,14.3
UNC Asheville (Big South),15,924,26.4,5.3,446.0,496.0,0.9,"2,604",74.4,901,"2,125",42.4,27.0,8.0,77.1,536.0,772.0,69.4,22.1,542.0,15.5,13.0,446.0,12.74,731.0,217.0,29.7,274.0,707,20.2,"2,418",69.1,897,"1,890",47.5,"1,196",34.2,0.7,295.0,8.43,38.8,7.8,"1,219",34.83,15.3
UNC Greensboro (SoCon),,850,26.56,7.6,465.0,376.0,1.24,"2,306",72.1,728,"1,799",40.5,20.0,12.0,62.5,420.0,587.0,71.6,18.3,535.0,16.7,9.0,425.0,13.28,740.0,236.0,31.9,254.0,718,22.4,"2,064",64.5,816,"1,831",44.6,"1,065",33.3,3.6,330.0,10.31,35.4,7.9,"1,180",36.88,13.1
UNCW (CAA),,806,23.71,4.6,365.0,408.0,0.89,"2,343",68.9,766,"1,783",43.0,24.0,10.0,70.6,508.0,697.0,72.9,20.5,624.0,18.4,14.0,473.0,13.91,654.0,199.0,30.4,209.0,624,18.4,"2,187",64.3,813,"1,832",44.4,"1,107",32.6,0.7,324.0,9.53,33.5,6.1,"1,130",33.24,14.9
UNI (MVC),,806,25.19,0.2,372.0,385.0,0.97,"2,244",70.1,800,"1,783",44.9,14.0,18.0,43.8,386.0,554.0,69.7,17.3,498.0,15.6,15.0,409.0,12.78,837.0,296.0,35.4,238.0,699,21.8,"2,238",69.9,810,"1,788",45.3,"1,054",32.9,-0.1,244.0,7.63,34.0,7.4,"1,050",32.81,12.1
UNLV (Mountain West),,746,23.31,4.2,411.0,394.0,1.04,"2,376",74.3,779,"1,781",43.7,19.0,13.0,59.4,476.0,658.0,72.3,20.6,547.0,17.1,16.0,562.0,17.56,792.0,283.0,35.7,262.0,751,23.5,"2,241",70.0,819,"1,895",43.2,"1,167",36.5,-2.7,335.0,10.47,34.9,8.2,"1,081",33.78,14.9
USC Upstate (Big South),,746,23.31,-0.8,374.0,421.0,0.89,"2,198",68.7,750,"1,732",43.3,16.0,16.0,50.0,373.0,570.0,65.4,17.8,637.0,19.9,10.0,460.0,14.38,632.0,211.0,33.4,209.0,621,19.4,"2,225",69.5,808,"1,773",45.6,"1,127",35.2,-3.5,268.0,8.38,33.7,6.5,"1,014",31.69,11.7
UT Arlington (WAC),,741,23.16,-2.0,432.0,443.0,0.98,"2,125",66.4,751,"1,718",43.7,11.0,21.0,34.4,374.0,570.0,65.6,17.8,619.0,19.3,11.0,456.0,14.25,653.0,238.0,36.4,207.0,643,20.1,"2,190",68.4,772,"1,863",41.4,"1,079",33.7,2.2,407.0,12.72,32.2,6.5,"1,148",35.88,11.7
UT Martin (OVC),,947,28.7,5.1,450.0,394.0,1.14,"2,658",80.5,877,"2,076",42.2,19.0,14.0,57.6,513.0,711.0,72.2,21.5,603.0,18.3,12.0,426.0,12.91,838.0,270.0,32.2,255.0,771,23.4,"2,489",75.4,945,"2,058",45.9,"1,226",37.2,2.0,346.0,10.48,33.1,7.7,"1,293",39.18,15.5
UTEP (CUSA),,749,23.41,0.0,385.0,505.0,0.76,"2,192",68.5,767,"1,718",44.6,14.0,18.0,43.8,442.0,699.0,63.2,21.8,576.0,18.0,13.0,536.0,16.75,643.0,214.0,33.3,158.0,537,16.8,"2,192",68.5,796,"1,776",44.8,"1,050",32.8,2.3,373.0,11.66,29.4,4.9,"1,122",35.06,13.8
UTRGV (WAC),,866,27.06,0.5,505.0,514.0,0.98,"2,518",78.7,867,"1,963",44.2,15.0,17.0,46.9,560.0,802.0,69.8,25.1,641.0,20.0,24.0,414.0,12.94,716.0,238.0,33.2,222.0,655,20.5,"2,502",78.2,868,"1,852",46.9,"1,099",34.3,3.5,345.0,10.78,33.9,6.9,"1,211",37.84,17.5
UTSA (CUSA),,791,24.72,-7.3,334.0,439.0,0.76,"2,217",69.3,883,"1,961",45.0,10.0,22.0,31.3,484.0,659.0,73.4,20.6,563.0,17.6,13.0,354.0,11.06,734.0,254.0,34.6,235.0,703,22.0,"2,450",76.6,749,"1,826",41.0,"1,181",36.9,-1.5,341.0,10.66,33.4,7.3,"1,132",35.38,15.1
Utah (Pac-12),,897,28.03,4.8,462.0,385.0,1.2,"2,197",68.7,764,"1,924",39.7,17.0,15.0,53.1,383.0,541.0,70.8,16.9,487.0,15.2,9.0,325.0,10.16,676.0,204.0,30.2,232.0,696,21.8,"2,043",63.8,791,"1,851",42.7,"1,120",35.0,4.2,357.0,11.16,33.3,7.3,"1,254",39.19,12.0
Utah St. (Mountain West),10,943,26.94,8.3,585.0,426.0,1.37,"2,736",78.2,870,"2,055",42.3,26.0,9.0,74.3,517.0,678.0,76.3,19.4,589.0,16.8,6.0,388.0,11.09,694.0,241.0,34.7,325.0,840,24.0,"2,446",69.9,947,"1,975",47.9,"1,103",31.5,4.0,300.0,8.57,38.7,9.3,"1,243",35.51,14.8
Utah Valley (WAC),,"1,115",30.14,8.8,594.0,509.0,1.17,"2,863",77.4,928,"2,380",39.0,28.0,9.0,75.7,577.0,780.0,74.0,21.1,646.0,17.5,14.0,458.0,12.38,766.0,235.0,30.7,242.0,728,19.7,"2,538",68.6,"1,022","2,200",46.5,"1,354",36.6,3.7,377.0,10.19,33.2,6.5,"1,492",40.32,15.6
VCU (Atlantic 10),12,837,23.91,7.9,456.0,468.0,0.97,"2,480",70.9,789,"1,903",41.5,27.0,8.0,77.1,540.0,776.0,69.6,22.2,575.0,16.4,11.0,572.0,16.34,649.0,207.0,31.9,212.0,610,17.4,"2,202",62.9,864,"1,867",46.3,"1,157",33.1,0.1,324.0,9.26,34.8,6.1,"1,161",33.17,15.4
VMI (SoCon),,782,24.44,-7.4,365.0,411.0,0.89,"2,220",69.4,879,"1,883",46.7,7.0,25.0,21.9,311.0,406.0,76.6,12.7,484.0,15.1,12.0,339.0,10.59,935.0,343.0,36.7,309.0,880,27.5,"2,457",76.8,800,"1,923",41.6,"1,084",33.9,1.5,349.0,10.91,35.1,9.7,"1,131",35.34,9.7
Valparaiso (MVC),,836,26.13,-4.7,436.0,406.0,1.07,"2,206",68.9,843,"1,882",44.8,11.0,21.0,34.4,380.0,522.0,72.8,16.3,530.0,16.6,13.0,355.0,11.09,704.0,239.0,33.9,198.0,668,20.9,"2,355",73.6,814,"1,852",44.0,"1,116",34.9,-0.9,251.0,7.84,29.6,6.2,"1,087",33.97,11.9
Vanderbilt (SEC),,923,24.95,0.4,429.0,399.0,1.08,"2,661",71.9,954,"2,219",43.0,22.0,15.0,59.5,491.0,690.0,71.2,18.6,604.0,16.3,5.0,381.0,10.3,799.0,248.0,31.0,310.0,922,24.9,"2,645",71.5,930,"2,187",42.5,"1,368",37.0,-0.8,417.0,11.27,33.6,8.4,"1,340",36.22,13.3
Vermont (America East),15,845,24.85,5.7,465.0,318.0,1.46,"2,471",72.7,835,"1,866",44.7,23.0,11.0,67.6,377.0,541.0,69.7,15.9,504.0,14.8,8.0,389.0,11.44,687.0,246.0,35.8,292.0,816,24.0,"2,276",66.9,901,"1,901",47.4,"1,103",32.4,-1.1,220.0,6.47,35.8,8.6,"1,065",31.32,11.1
Villanova (Big East),,832,24.47,1.9,377.0,343.0,1.1,"2,366",69.6,817,"1,871",43.7,17.0,17.0,50.0,456.0,556.0,82.0,16.4,538.0,15.8,13.0,384.0,11.29,780.0,264.0,33.8,296.0,885,26.0,"2,301",67.7,807,"1,853",43.6,"1,122",33.0,-1.3,246.0,7.24,33.4,8.7,"1,078",31.71,13.4
Virginia (ACC),4,791,23.97,7.3,519.0,282.0,1.84,"2,237",67.8,712,"1,717",41.5,25.0,8.0,75.8,431.0,613.0,70.3,18.6,471.0,14.3,4.0,403.0,12.21,687.0,234.0,34.1,220.0,629,19.1,"1,996",60.5,793,"1,765",44.9,"1,055",32.0,0.3,273.0,8.27,35.0,6.7,"1,064",32.24,13.1
Virginia Tech (ACC),,843,24.79,4.1,528.0,336.0,1.57,"2,521",74.1,892,"2,000",44.6,19.0,15.0,55.9,378.0,514.0,73.5,15.1,526.0,15.5,5.0,371.0,10.91,712.0,242.0,34.0,281.0,786,23.1,"2,383",70.1,931,"1,983",46.9,"1,148",33.8,-0.5,288.0,8.47,35.8,8.3,"1,131",33.26,11.1
Wagner (NEC),,645,23.04,1.4,339.0,335.0,1.01,"1,766",63.1,568,"1,324",42.9,15.0,13.0,53.6,275.0,403.0,68.2,14.4,540.0,19.3,10.0,377.0,13.46,479.0,151.0,31.5,181.0,583,20.8,"1,727",61.7,655,"1,627",40.3,865,30.9,5.0,360.0,12.86,31.0,6.5,"1,005",35.89,9.8
Wake Forest (ACC),,854,25.88,2.8,444.0,399.0,1.11,"2,528",76.6,892,"1,990",44.8,19.0,14.0,57.6,457.0,613.0,74.6,18.6,528.0,16.0,7.0,403.0,12.21,769.0,269.0,35.0,315.0,866,26.2,"2,435",73.8,878,"1,909",46.0,"1,142",34.6,-0.4,275.0,8.33,36.4,9.5,"1,129",34.21,13.8
Washington (Pac-12),,797,24.91,-1.1,368.0,448.0,0.82,"2,213",69.2,834,"2,005",41.6,16.0,16.0,50.0,432.0,577.0,74.9,18.0,529.0,16.5,14.0,413.0,12.91,741.0,220.0,29.7,209.0,668,20.9,"2,248",70.3,786,"1,823",43.1,"1,218",38.1,-4.2,286.0,8.94,31.3,6.5,"1,083",33.84,13.5
Washington St. (Pac-12),,814,23.94,2.6,403.0,408.0,0.99,"2,324",68.4,836,"1,875",44.6,17.0,17.0,50.0,388.0,542.0,71.6,15.9,544.0,16.0,6.0,366.0,10.76,603.0,194.0,32.2,310.0,832,24.5,"2,235",65.7,813,"1,919",42.4,"1,089",32.0,2.8,369.0,10.85,37.3,9.1,"1,183",34.79,11.4
Weber St. (Big Sky),,814,24.67,-0.3,351.0,422.0,0.83,"2,219",67.2,789,"1,762",44.8,18.0,15.0,54.5,443.0,578.0,76.6,17.5,580.0,17.6,15.0,429.0,13.0,730.0,271.0,37.1,218.0,647,19.6,"2,229",67.5,779,"1,727",45.1,"1,045",31.7,-0.4,218.0,6.61,33.7,6.6,"1,032",31.27,13.4
West Virginia (Big 12),9,769,22.62,5.1,442.0,440.0,1.0,"2,583",76.0,834,"1,857",44.9,19.0,15.0,55.9,571.0,769.0,74.3,22.6,632.0,18.6,16.0,496.0,14.59,652.0,222.0,34.0,248.0,708,20.8,"2,411",70.9,882,"1,953",45.2,"1,062",31.2,2.6,383.0,11.26,35.0,7.3,"1,152",33.88,16.8
Western Caro. (SoCon),,921,27.09,3.2,428.0,365.0,1.17,"2,513",73.9,871,"1,987",43.8,18.0,16.0,52.9,482.0,674.0,71.5,19.8,588.0,17.3,11.0,368.0,10.82,605.0,197.0,32.6,289.0,849,25.0,"2,405",70.7,871,"2,015",43.2,"1,189",35.0,2.0,335.0,9.85,34.0,8.5,"1,256",36.94,14.2
Western Ill. (Summit League),,750,25.0,0.7,410.0,322.0,1.27,"2,191",73.0,822,"1,782",46.1,16.0,14.0,53.3,392.0,560.0,70.0,18.7,434.0,14.5,7.0,353.0,11.77,590.0,192.0,32.5,209.0,652,21.7,"2,171",72.4,795,"1,755",45.3,"1,039",34.6,-0.2,284.0,9.47,32.1,7.0,"1,034",34.47,13.1
Western Ky. (CUSA),,852,25.82,0.8,416.0,383.0,1.09,"2,355",71.4,842,"2,006",42.0,17.0,16.0,51.5,428.0,601.0,71.2,18.2,489.0,14.8,8.0,415.0,12.58,850.0,303.0,35.6,249.0,695,21.1,"2,330",70.6,839,"1,907",44.0,"1,232",37.3,-2.4,300.0,9.09,35.8,7.5,"1,152",34.91,13.0
Western Mich. (MAC),,767,24.74,-4.2,396.0,395.0,1.0,"2,166",69.9,820,"1,774",46.2,8.0,23.0,25.8,344.0,482.0,71.4,15.5,522.0,16.8,11.0,305.0,9.84,712.0,257.0,36.1,250.0,757,24.4,"2,295",74.0,786,"1,820",43.2,"1,000",32.3,4.7,379.0,12.23,33.0,8.1,"1,146",36.97,11.1
Wichita St. (AAC),,851,26.59,2.5,426.0,401.0,1.06,"2,272",71.0,784,"1,931",40.6,17.0,15.0,53.1,406.0,567.0,71.6,17.7,478.0,14.9,10.0,373.0,11.66,788.0,265.0,33.6,212.0,685,21.4,"2,191",68.5,827,"1,839",45.0,"1,094",34.2,2.2,312.0,9.75,30.9,6.6,"1,163",36.34,12.7
William & Mary (CAA),,765,23.18,-3.1,401.0,398.0,1.01,"2,219",67.2,864,"1,861",46.4,13.0,20.0,39.4,381.0,559.0,68.2,16.9,533.0,16.2,7.0,373.0,11.3,680.0,237.0,34.9,256.0,698,21.2,"2,320",70.3,791,"1,829",43.2,"1,111",33.7,-0.5,330.0,10.0,36.7,7.8,"1,095",33.18,11.5
Winthrop (Big South),,733,22.91,-0.7,366.0,447.0,0.82,"2,360",73.8,888,"1,890",47.0,15.0,17.0,46.9,503.0,681.0,73.9,21.3,538.0,16.8,19.0,388.0,12.13,721.0,253.0,35.1,283.0,757,23.7,"2,382",74.4,787,"1,671",47.1,"1,089",34.0,-3.0,260.0,8.13,37.4,8.8,993,31.03,15.7
Wisconsin (Big Ten),,832,23.77,1.7,406.0,302.0,1.34,"2,284",65.3,831,"1,871",44.4,20.0,15.0,57.1,346.0,501.0,69.1,14.3,554.0,15.8,5.0,413.0,11.8,686.0,217.0,31.6,276.0,807,23.1,"2,225",63.6,831,"2,005",41.4,"1,228",35.1,-3.4,278.0,7.94,34.2,7.9,"1,110",31.71,9.9
Wofford (SoCon),,776,23.52,2.2,412.0,361.0,1.14,"2,466",74.7,878,"1,908",46.0,17.0,16.0,51.5,407.0,552.0,73.7,16.7,468.0,14.2,7.0,369.0,11.18,801.0,278.0,34.7,247.0,748,22.7,"2,392",72.5,906,"1,916",47.3,"1,023",31.0,2.0,312.0,9.45,33.0,7.5,"1,088",32.97,12.3
Wright St. (Horizon),,908,27.52,6.2,495.0,419.0,1.18,"2,637",79.9,897,"2,062",43.5,18.0,15.0,54.5,370.0,502.0,73.7,15.2,514.0,15.6,6.0,434.0,13.15,798.0,262.0,32.8,205.0,574,17.4,"2,432",73.7,"1,031","2,077",49.6,"1,138",34.5,2.2,304.0,9.21,35.7,6.2,"1,212",36.73,11.2
Wyoming (Mountain West),,748,24.13,-2.9,345.0,371.0,0.93,"2,144",69.2,796,"1,733",45.9,9.0,22.0,29.0,396.0,557.0,71.1,18.0,488.0,15.7,14.0,346.0,11.16,684.0,248.0,36.3,268.0,768,24.8,"2,234",72.1,740,"1,680",44.0,"1,024",33.0,-1.0,246.0,7.94,34.9,8.6,994,32.06,12.8
Xavier (Big East),3,"1,016",27.46,6.9,705.0,459.0,1.54,"2,995",80.9,"1,012","2,285",44.3,27.0,10.0,73.0,503.0,708.0,71.0,19.1,593.0,16.0,9.0,434.0,11.73,765.0,274.0,35.8,274.0,703,19.0,"2,741",74.1,"1,109","2,256",49.2,"1,195",32.3,5.4,380.0,10.27,39.0,7.4,"1,396",37.73,13.6
Yale (Ivy League),,835,27.83,12.5,439.0,335.0,1.31,"2,273",75.8,653,"1,650",39.6,21.0,9.0,70.0,367.0,529.0,69.4,17.6,521.0,17.4,12.0,378.0,12.6,673.0,216.0,32.1,224.0,620,20.7,"1,897",63.2,841,"1,764",47.7,957,31.9,5.9,298.0,9.93,36.1,7.5,"1,133",37.77,12.2
Youngstown St. (Horizon),,853,25.09,9.4,521.0,376.0,1.39,"2,785",81.9,929,"2,065",45.0,24.0,10.0,70.6,480.0,616.0,77.9,18.1,550.0,16.2,11.0,438.0,12.88,698.0,238.0,34.1,271.0,743,21.9,"2,465",72.5,"1,017","2,088",48.7,"1,127",33.1,2.3,351.0,10.32,36.5,8.0,"1,204",35.41,14.1
