Team,Seed,3FG,3FGA,3FGA PG,Fouls,PFPG,DQ,REB,RPG,FT,FTA,FT%,ORebs,ORPG,3FG PG,W,L,Win%,OPP REB,OPP RPG,REB MAR,OPP PTS,OPP PPG,SCR MAR,DRebs,DRPG,Opp TO,TO PG,AST,TO,Ratio,3FG%,FGM,FGA,FG%,FT PG,OPP FG,OPP FGA,OPP FG%,Opp 3FGA,Opp 3FG,Opp 3FG%,PTS,PPG,FTA PG
A&M-CC (Southland),,183,616,18.7,689,20.9,17,"1,328",40.24,519,738,70.3,438,13.27,5.5,21,12,63.6,"1,109",33.6,6.6,"2,200",66.7,8.5,890,26.97,494,14.97,485,400,1.21,29.7,889,"2,046",43.5,15.7,714,"1,755",40.7,647,195,30.1,"2,480",75.2,22.4
Abilene Christian (WAC),,180,530,15.6,665,19.6,16,"1,139",33.5,550,757,72.7,329,9.68,5.3,16,18,47.1,"1,251",36.8,-3.3,"2,500",73.5,-1.4,810,23.82,495,14.56,431,434,0.99,34.0,861,"1,987",43.3,16.2,888,"1,923",46.2,613,199,32.5,"2,452",72.1,22.3
Air Force (Mountain West),,273,757,24.4,541,17.5,14,872,28.13,324,475,68.2,225,7.26,8.8,9,22,29.0,"1,016",32.8,-4.6,"2,243",72.4,-6.2,647,20.87,348,11.23,451,372,1.21,36.1,727,"1,604",45.3,10.5,774,"1,631",47.5,598,219,36.6,"2,051",66.2,15.3
Akron (MAC),14,280,863,24.7,583,16.7,14,"1,278",36.51,467,642,72.7,363,10.37,8.0,24,11,68.6,"1,134",32.4,4.1,"2,316",66.2,7.5,915,26.14,404,11.54,455,394,1.15,32.4,915,"2,018",45.3,13.3,853,"1,985",43.0,738,224,30.4,"2,577",73.6,18.3
Alabama (SEC),4,413,"1,108",29.9,734,19.8,26,"1,467",39.65,650,842,77.2,472,12.76,11.2,25,12,67.6,"1,324",35.8,3.9,"3,006",81.2,8.9,995,26.89,418,11.3,587,438,1.34,37.3,"1,136","2,385",47.6,17.6,"1,028","2,351",43.7,873,277,31.7,"3,335",90.1,22.8
Alabama A&M (SWAC),,148,516,14.7,727,20.8,12,"1,248",35.66,654,906,72.2,394,11.26,4.2,12,23,34.3,"1,258",35.9,-0.3,"2,653",75.8,-6.8,854,24.4,492,14.06,369,565,0.65,28.7,806,"1,918",42.0,18.7,856,"2,010",42.6,742,261,35.2,"2,414",69.0,25.9
Alabama St. (SWAC),"",223,793,24.8,609,19.0,10,"1,265",39.53,428,592,72.3,453,14.16,7.0,13,19,40.6,"1,260",39.4,0.2,"2,221",69.4,-0.8,812,25.38,468,14.63,345,361,0.96,28.1,772,"2,087",37.0,13.4,721,"1,751",41.2,726,245,33.7,"2,195",68.6,18.5
Alcorn (SWAC),,166,492,15.4,567,17.7,10,"1,086",33.94,498,699,71.2,360,11.25,5.2,14,18,43.8,"1,028",32.1,1.8,"2,477",77.4,-5.5,726,22.69,378,11.81,371,370,1.0,33.7,818,"1,851",44.2,15.6,841,"1,818",46.3,828,311,37.6,"2,300",71.9,21.8
American (Patriot),,279,794,24.8,527,16.5,6,"1,043",32.59,355,492,72.2,287,8.97,8.7,16,16,50.0,979,30.6,2.0,"2,176",68.0,0.7,756,23.63,345,10.78,449,347,1.29,35.1,782,"1,740",44.9,11.1,776,"1,706",45.5,733,272,37.1,"2,198",68.7,15.4
App State (Sun Belt),,224,674,19.8,449,13.2,5,"1,416",41.65,447,657,68.0,373,10.97,6.6,27,7,79.4,"1,236",36.4,5.3,"2,283",67.1,11.2,"1,043",30.68,356,10.47,498,365,1.36,33.2,997,"2,100",47.5,13.1,865,"2,225",38.9,732,226,30.9,"2,665",78.4,19.3
Arizona (Pac-12),2,284,776,21.6,590,16.4,5,"1,533",42.58,605,844,71.7,471,13.08,7.9,27,9,75.0,"1,175",32.6,9.9,"2,594",72.1,15.1,"1,062",29.5,483,13.42,665,430,1.55,36.6,"1,124","2,321",48.4,16.8,949,"2,252",42.1,853,281,32.9,"3,137",87.1,23.4
Arizona St. (Pac-12),,215,716,22.4,532,16.6,13,"1,064",33.25,412,629,65.5,269,8.41,6.7,14,18,43.8,"1,298",40.6,-7.3,"2,368",74.0,-5.0,795,24.84,439,13.72,385,335,1.15,30.0,791,"1,901",41.6,12.9,850,"1,887",45.0,740,251,33.9,"2,209",69.0,19.7
Ark.-Pine Bluff (SWAC),,337,898,29.0,568,18.3,14,"1,073",34.61,520,682,76.2,261,8.42,10.9,13,18,41.9,"1,188",38.3,-3.7,"2,536",81.8,-1.7,812,26.19,362,11.68,467,413,1.13,37.5,813,"1,821",44.6,16.8,915,"2,011",45.5,768,234,30.5,"2,483",80.1,22.0
Arkansas (SEC),,199,625,18.9,655,19.8,19,"1,139",34.52,649,859,75.6,281,8.52,6.0,16,17,48.5,"1,200",36.4,-1.8,"2,633",79.8,-2.0,858,26.0,365,11.06,387,395,0.98,31.8,859,"1,898",45.3,19.7,909,"2,039",44.6,696,236,33.9,"2,566",77.8,26.0
Arkansas St. (Sun Belt),,341,991,26.8,644,17.4,15,"1,419",38.35,534,761,70.2,489,13.22,9.2,20,17,54.1,"1,304",35.2,3.1,"2,850",77.0,1.8,930,25.14,369,9.97,536,414,1.29,34.4,"1,021","2,313",44.1,14.4,"1,023","2,234",45.8,602,212,35.2,"2,917",78.8,20.6
Army West Point (Patriot),,252,788,24.6,506,15.8,9,"1,088",34.0,264,449,58.8,308,9.63,7.9,10,22,31.3,"1,086",33.9,0.1,"2,059",64.3,-4.0,780,24.38,348,10.88,401,389,1.03,32.0,707,"1,747",40.5,8.3,734,"1,712",42.9,679,221,32.5,"1,930",60.3,14.0
Auburn (SEC),4,280,795,22.7,678,19.4,7,"1,323",37.8,609,812,75.0,393,11.23,8.0,27,8,77.1,"1,206",34.5,3.3,"2,391",68.3,14.8,930,26.57,449,12.83,622,374,1.66,35.2,"1,010","2,121",47.6,17.4,784,"2,029",38.6,678,205,30.2,"2,909",83.1,23.2
Austin Peay (ASUN),,277,768,21.9,615,17.6,13,"1,188",33.94,460,652,70.6,378,10.8,7.9,19,16,54.3,"1,241",35.5,-1.5,"2,561",73.2,1.7,810,23.14,400,11.43,388,308,1.26,36.1,941,"2,105",44.7,13.1,910,"1,967",46.3,713,230,32.3,"2,619",74.8,18.6
BYU (Big 12),6,378,"1,087",32.0,602,17.7,8,"1,343",39.5,406,547,74.2,405,11.91,11.1,23,11,67.6,"1,136",33.4,6.1,"2,378",69.9,11.5,938,27.59,381,11.21,629,364,1.73,34.8,992,"2,155",46.0,11.9,856,"2,003",42.7,681,218,32.0,"2,768",81.4,16.1
Ball St. (MAC),,232,641,20.7,469,15.1,8,"1,082",34.9,510,665,76.7,294,9.48,7.5,15,16,48.4,"1,044",33.7,1.2,"2,200",71.0,2.6,788,25.42,369,11.9,385,374,1.03,36.2,769,"1,726",44.6,16.5,811,"1,821",44.5,643,220,34.2,"2,280",73.5,21.5
Baylor (Big 12),3,301,773,22.1,577,16.5,5,"1,229",35.11,579,791,73.2,399,11.4,8.6,24,11,68.6,"1,023",29.2,5.9,"2,489",71.1,9.3,830,23.71,414,11.83,514,421,1.22,38.9,967,"2,001",48.3,16.5,904,"1,987",45.5,708,238,33.6,"2,814",80.4,22.6
Belmont (MVC),,301,811,24.6,511,15.5,3,"1,130",34.24,425,588,72.3,237,7.18,9.1,20,13,60.6,"1,194",36.2,-1.9,"2,493",75.5,2.3,893,27.06,398,12.06,504,402,1.25,37.1,922,"1,939",47.6,12.9,914,"2,067",44.2,827,269,32.5,"2,570",77.9,17.8
Bethune-Cookman (SWAC),,199,620,18.2,696,20.5,18,"1,139",33.5,560,742,75.5,356,10.47,5.9,17,17,50.0,"1,213",35.7,-2.2,"2,467",72.6,0.4,783,23.03,562,16.53,414,471,0.88,32.1,860,"1,994",43.1,16.5,806,"1,869",43.1,669,225,33.6,"2,479",72.9,21.8
Binghamton (America East),,164,536,17.9,498,16.6,9,"1,156",38.53,397,595,66.7,313,10.43,5.5,15,15,50.0,999,33.3,5.2,"2,167",72.2,-0.1,843,28.1,281,9.37,435,366,1.19,30.6,801,"1,738",46.1,13.2,754,"1,790",42.1,691,233,33.7,"2,163",72.1,19.8
Boise St. (Mountain West),10,258,759,23.0,550,16.7,7,"1,231",37.3,505,686,73.6,384,11.64,7.8,22,11,66.7,984,29.8,7.5,"2,221",67.3,7.8,847,25.67,377,11.42,404,366,1.1,34.0,858,"1,913",44.9,15.3,796,"1,818",43.8,671,208,31.0,"2,479",75.1,20.8
Boston College (ACC),,299,826,22.9,566,15.7,9,"1,271",35.31,404,539,75.0,338,9.39,8.3,20,16,55.6,"1,235",34.3,1.0,"2,587",71.9,2.2,933,25.92,386,10.72,509,376,1.35,36.2,982,"2,155",45.6,11.2,932,"2,121",43.9,801,277,34.6,"2,667",74.1,15.0
Boston U. (Patriot),,254,763,23.1,571,17.3,9,"1,167",35.36,403,562,71.7,309,9.36,7.7,16,17,48.5,"1,099",33.3,2.1,"2,196",66.5,-0.1,858,26.0,376,11.39,427,384,1.11,33.3,768,"1,856",41.4,12.2,758,"1,777",42.7,718,247,34.4,"2,193",66.5,17.0
Bowling Green (MAC),,216,730,21.5,533,15.7,8,"1,292",38.0,522,730,71.5,386,11.35,6.4,20,14,58.8,"1,182",34.8,3.2,"2,414",71.0,2.6,906,26.65,405,11.91,383,392,0.98,29.6,882,"2,045",43.1,15.4,899,"2,028",44.3,700,254,36.3,"2,502",73.6,21.5
Bradley (MVC),,306,835,23.9,578,16.5,7,"1,214",34.69,400,550,72.7,324,9.26,8.7,23,12,65.7,"1,156",33.0,1.7,"2,348",67.1,7.0,890,25.43,438,12.51,463,423,1.09,36.6,943,"1,999",47.2,11.4,804,"1,955",41.1,749,245,32.7,"2,592",74.1,15.7
Brown (Ivy League),,254,745,24.0,519,16.7,13,"1,154",37.23,394,603,65.3,367,11.84,8.2,13,18,41.9,"1,073",34.6,2.6,"2,227",71.8,-0.5,787,25.39,369,11.9,417,385,1.08,34.1,782,"1,818",43.0,12.7,801,"1,797",44.6,687,226,32.9,"2,212",71.4,19.5
Bryant (America East),,273,806,24.4,557,16.9,24,"1,246",37.76,417,623,66.9,259,7.85,8.3,20,13,60.6,"1,401",42.5,-4.7,"2,488",75.4,3.3,987,29.91,416,12.61,487,393,1.24,33.9,954,"2,087",45.7,12.6,874,"2,204",39.7,773,242,31.3,"2,598",78.7,18.9
Bucknell (Patriot),,269,795,24.1,559,16.9,14,"1,073",32.52,368,514,71.6,276,8.36,8.2,14,19,42.4,"1,112",33.7,-1.2,"2,217",67.2,-1.9,797,24.15,353,10.7,399,405,0.99,33.8,758,"1,770",42.8,11.2,781,"1,831",42.7,772,250,32.4,"2,153",65.2,15.6
Buffalo (MAC),,207,746,24.1,484,15.6,6,"1,082",34.9,361,504,71.6,323,10.42,6.7,4,27,12.9,"1,140",36.8,-1.9,"2,471",79.7,-11.7,759,24.48,331,10.68,415,450,0.92,27.7,770,"1,830",42.1,11.6,913,"1,926",47.4,688,250,36.3,"2,108",68.0,16.3
Butler (Big East),,276,778,23.6,454,13.8,4,"1,162",35.21,424,536,79.1,308,9.33,8.4,18,15,54.5,"1,187",36.0,-0.8,"2,432",73.7,3.4,854,25.88,380,11.52,499,361,1.38,35.5,922,"2,036",45.3,12.8,921,"2,094",44.0,777,251,32.3,"2,544",77.1,16.2
CSU Bakersfield (Big West),,150,476,14.9,652,20.4,13,"1,109",34.66,435,602,72.3,382,11.94,4.7,13,19,40.6,"1,070",33.4,1.2,"2,214",69.2,-0.5,727,22.72,422,13.19,335,389,0.86,31.5,807,"1,861",43.4,13.6,722,"1,675",43.1,612,208,34.0,"2,199",68.7,18.8
CSUN (Big West),,165,537,15.8,707,20.8,32,"1,362",40.06,506,757,66.8,402,11.82,4.9,19,15,55.9,"1,187",34.9,5.1,"2,503",73.6,1.4,960,28.24,455,13.38,472,481,0.98,30.7,940,"2,065",45.5,14.9,825,"2,037",40.5,908,294,32.4,"2,551",75.0,22.3
Cal Poly (Big West),,198,598,18.7,614,19.2,17,"1,000",31.25,401,569,70.5,283,8.84,6.2,4,28,12.5,"1,232",38.5,-7.3,"2,371",74.1,-10.4,717,22.41,380,11.88,314,405,0.78,33.1,719,"1,778",40.4,12.5,817,"1,778",46.0,543,191,35.2,"2,037",63.7,17.8
Cal St. Fullerton (Big West),,207,627,19.6,571,17.8,7,"1,048",32.75,485,685,70.8,269,8.41,6.5,14,18,43.8,"1,137",35.5,-2.8,"2,212",69.1,-1.3,779,24.34,402,12.56,284,393,0.72,33.0,740,"1,717",43.1,15.2,773,"1,790",43.2,687,218,31.7,"2,172",67.9,21.4
California (Pac-12),,281,831,26.0,552,17.3,15,"1,189",37.16,420,578,72.7,343,10.72,8.8,13,19,40.6,"1,164",36.4,0.8,"2,465",77.0,-3.1,846,26.44,336,10.5,387,370,1.05,33.8,833,"1,980",42.1,13.1,873,"1,949",44.8,706,252,35.7,"2,367",74.0,18.1
California Baptist (WAC),,220,674,20.4,524,15.9,12,"1,241",37.61,478,700,68.3,397,12.03,6.7,16,17,48.5,"1,074",32.5,5.1,"2,197",66.6,0.8,844,25.58,336,10.18,372,392,0.95,32.6,762,"1,857",41.0,14.5,816,"1,855",44.0,507,171,33.7,"2,222",67.3,21.2
Campbell (CAA),,232,673,21.0,485,15.2,2,"1,040",32.5,428,590,72.5,246,7.69,7.3,14,18,43.8,"1,112",34.8,-2.3,"2,307",72.1,-1.1,794,24.81,379,11.84,425,383,1.11,34.5,806,"1,740",46.3,13.4,849,"1,928",44.0,825,275,33.3,"2,272",71.0,18.4
Canisius (MAAC),,232,690,21.6,520,16.3,7,"1,181",36.91,338,541,62.5,384,12.0,7.3,14,18,43.8,"1,083",33.8,3.1,"2,307",72.1,-1.7,797,24.91,361,11.28,401,432,0.93,33.6,841,"1,910",44.0,10.6,864,"1,913",45.2,601,204,33.9,"2,252",70.4,16.9
Central Ark. (ASUN),,256,747,23.3,548,17.1,10,"1,165",36.41,419,566,74.0,359,11.22,8.0,9,23,28.1,"1,191",37.2,-0.8,"2,502",78.2,-6.0,806,25.19,367,11.47,437,407,1.07,34.3,817,"1,965",41.6,13.1,869,"1,933",45.0,812,302,37.2,"2,309",72.2,17.7
Central Conn. St. (NEC),,208,645,20.8,423,13.6,2,"1,111",35.84,409,577,70.9,298,9.61,6.7,20,11,64.5,"1,051",33.9,1.9,"2,061",66.5,5.7,813,26.23,396,12.77,444,349,1.27,32.2,810,"1,798",45.1,13.2,764,"1,809",42.2,634,215,33.9,"2,237",72.2,18.6
Central Mich. (MAC),,200,660,20.6,527,16.5,11,"1,162",36.31,347,526,66.0,339,10.59,6.3,18,14,56.3,"1,206",37.7,-1.4,"2,242",70.1,-3.6,823,25.72,359,11.22,364,384,0.95,30.3,790,"1,880",42.0,10.8,784,"1,916",40.9,780,244,31.3,"2,127",66.5,16.4
Charleston So. (Big South),,208,629,21.0,512,17.1,7,"1,066",35.53,390,530,73.6,301,10.03,6.9,10,20,33.3,"1,085",36.2,-0.6,"2,210",73.7,-6.1,765,25.5,285,9.5,306,366,0.84,33.1,715,"1,727",41.4,13.0,809,"1,795",45.1,563,175,31.1,"2,028",67.6,17.7
Charlotte (AAC),,201,635,20.5,479,15.5,6,"1,006",32.45,434,576,75.3,260,8.39,6.5,19,12,61.3,"1,020",32.9,-0.5,"2,034",65.6,3.1,746,24.06,311,10.03,407,301,1.35,31.7,748,"1,655",45.2,14.0,731,"1,714",42.6,628,198,31.5,"2,131",68.7,18.6
Chattanooga (SoCon),,349,971,29.4,524,15.9,7,"1,206",36.55,448,601,74.5,305,9.24,10.6,21,12,63.6,"1,132",34.3,2.2,"2,362",71.6,6.6,901,27.3,343,10.39,447,393,1.14,35.9,892,"1,915",46.6,13.6,851,"2,039",41.7,860,292,34.0,"2,581",78.2,18.2
Chicago St. (DI Independent),,201,641,20.0,559,17.5,14,"1,074",33.56,481,676,71.2,389,12.16,6.3,13,19,40.6,"1,110",34.7,-1.1,"2,258",70.6,-1.1,685,21.41,462,14.44,354,422,0.84,31.4,771,"1,816",42.5,15.0,827,"1,789",46.2,618,200,32.4,"2,224",69.5,21.1
Cincinnati (Big 12),,280,849,22.9,555,15.0,12,"1,460",39.46,439,638,68.8,492,13.3,7.6,22,15,59.5,"1,192",32.2,7.2,"2,522",68.2,6.6,968,26.16,445,12.03,540,445,1.21,33.0,"1,023","2,310",44.3,11.9,900,"2,148",41.9,747,251,33.6,"2,765",74.7,17.2
Clemson (ACC),6,296,844,23.4,585,16.3,13,"1,308",36.33,507,650,78.0,326,9.06,8.2,24,12,66.7,"1,226",34.1,2.3,"2,563",71.2,6.2,982,27.28,341,9.47,533,363,1.47,35.1,991,"2,115",46.9,14.1,885,"2,140",41.4,879,291,33.1,"2,785",77.4,18.1
Cleveland St. (Horizon),,232,697,19.4,658,18.3,8,"1,267",35.19,475,711,66.8,455,12.64,6.4,21,15,58.3,"1,321",36.7,-1.5,"2,622",72.8,2.6,812,22.56,497,13.81,477,370,1.29,33.3,"1,005","2,246",44.7,13.2,929,"2,047",45.4,784,234,29.8,"2,717",75.5,19.8
Coastal Carolina (Sun Belt),,201,626,20.2,496,16.0,8,"1,250",40.32,409,616,66.4,353,11.39,6.5,9,22,29.0,"1,172",37.8,2.5,"2,434",78.5,-5.0,897,28.94,293,9.45,395,420,0.94,32.1,835,"1,880",44.4,13.2,856,"2,035",42.1,935,308,32.9,"2,280",73.5,19.9
Charleston (CAA),13,368,"1,072",30.6,558,15.9,3,"1,392",39.77,452,626,72.2,457,13.06,10.5,27,8,77.1,"1,230",35.1,4.6,"2,575",73.6,7.3,935,26.71,403,11.51,536,348,1.54,34.3,"1,006","2,278",44.2,12.9,939,"2,112",44.5,784,269,34.3,"2,832",80.9,17.9
Colgate (Patriot),14,272,757,21.6,468,13.4,6,"1,245",35.57,368,540,68.1,286,8.17,7.8,25,10,71.4,"1,156",33.0,2.5,"2,242",64.1,7.3,959,27.4,393,11.23,526,368,1.43,35.9,929,"1,979",46.9,10.5,834,"2,020",41.3,812,249,30.7,"2,498",71.4,15.4
Colorado (Pac-12),10,254,649,17.5,548,14.8,4,"1,367",36.95,583,744,78.4,368,9.95,6.9,26,11,70.3,"1,117",30.2,6.8,"2,654",71.7,7.6,999,27.0,392,10.59,600,467,1.28,39.1,"1,049","2,121",49.5,15.8,984,"2,234",44.0,787,252,32.0,"2,935",79.3,20.1
Colorado St. (Mountain West),10,264,781,21.7,613,17.0,14,"1,203",33.42,483,642,75.2,283,7.86,7.3,25,11,69.4,"1,180",32.8,0.6,"2,422",67.3,7.9,920,25.56,415,11.53,648,376,1.72,33.8,980,"2,024",48.4,13.4,865,"2,030",42.6,684,220,32.2,"2,707",75.2,17.8
Columbia (Ivy League),,231,616,22.8,437,16.2,3,964,35.7,349,477,73.2,265,9.81,8.6,13,14,48.1,902,33.4,2.3,"1,956",72.4,4.5,699,25.89,336,12.44,471,330,1.43,37.5,749,"1,597",46.9,12.9,709,"1,616",43.9,695,226,32.5,"2,078",77.0,17.7
Coppin St. (MEAC),,153,540,18.6,513,17.7,11,873,30.1,355,489,72.6,283,9.76,5.3,2,27,6.9,"1,135",39.1,-9.0,"2,112",72.8,-15.0,590,20.34,431,14.86,240,455,0.53,28.3,585,"1,571",37.2,12.2,723,"1,613",44.8,606,209,34.5,"1,678",57.9,16.9
Cornell (Ivy League),,310,892,29.7,549,18.3,12,"1,063",35.43,363,502,72.3,287,9.57,10.3,22,8,73.3,"1,069",35.6,-0.2,"2,241",74.7,7.4,776,25.87,402,13.4,544,366,1.49,34.8,895,"1,836",48.7,12.1,806,"1,828",44.1,760,253,33.3,"2,463",82.1,16.7
Creighton (Big East),3,375,"1,018",29.1,403,11.5,0,"1,334",38.11,408,518,78.8,294,8.4,10.7,25,10,71.4,"1,176",33.6,4.5,"2,446",69.9,10.5,"1,040",29.71,266,7.6,588,372,1.58,36.8,"1,016","2,101",48.4,11.7,972,"2,324",41.8,648,209,32.3,"2,815",80.4,14.8
Dartmouth (Ivy League),,191,626,23.2,374,13.9,5,898,33.26,291,422,69.0,200,7.41,7.1,6,21,22.2,938,34.7,-1.5,"1,940",71.9,-10.0,698,25.85,252,9.33,332,344,0.97,30.5,594,"1,447",41.1,10.8,719,"1,584",45.4,673,245,36.4,"1,670",61.9,15.6
Davidson (Atlantic 10),,235,749,23.4,511,16.0,8,"1,109",34.66,441,602,73.3,295,9.22,7.3,15,17,46.9,"1,128",35.3,-0.6,"2,174",67.9,2.1,814,25.44,375,11.72,403,338,1.19,31.4,783,"1,816",43.1,13.8,761,"1,798",42.3,756,252,33.3,"2,242",70.1,18.8
Dayton (Atlantic 10),7,310,777,23.5,447,13.5,3,"1,107",33.55,476,643,74.0,265,8.03,9.4,25,8,75.8,"1,081",32.8,0.8,"2,193",66.5,7.7,842,25.52,342,10.36,483,343,1.41,39.9,831,"1,752",47.4,14.4,816,"1,948",41.9,782,250,32.0,"2,448",74.2,19.5
DePaul (Big East),,200,597,18.7,482,15.1,8,951,29.72,421,574,73.3,233,7.28,6.3,3,29,9.4,"1,169",36.5,-6.8,"2,616",81.8,-17.0,718,22.44,318,9.94,392,435,0.9,33.5,725,"1,714",42.3,13.2,949,"1,948",48.7,801,305,38.1,"2,071",64.7,17.9
Delaware (CAA),,227,678,20.5,496,15.0,10,"1,178",35.7,407,576,70.7,304,9.21,6.9,19,14,57.6,"1,136",34.4,1.3,"2,299",69.7,3.5,874,26.48,334,10.12,454,356,1.28,33.5,891,"1,917",46.5,12.3,848,"1,991",42.6,723,224,31.0,"2,416",73.2,17.5
Delaware St. (MEAC),,158,494,14.5,574,16.9,11,"1,170",34.41,541,766,70.6,385,11.32,4.6,15,19,44.1,"1,098",32.3,2.1,"2,415",71.0,-0.4,785,23.09,531,15.62,413,503,0.82,32.0,851,"1,961",43.4,15.9,831,"1,914",43.4,764,277,36.3,"2,401",70.6,22.5
Denver (Summit League),,294,845,24.9,573,16.9,8,"1,213",35.68,569,779,73.0,348,10.24,8.6,17,17,50.0,"1,252",36.8,-1.1,"2,737",80.5,0.5,865,25.44,362,10.65,444,340,1.31,34.8,946,"2,103",45.0,16.7,993,"2,133",46.6,749,265,35.4,"2,755",81.0,22.9
Detroit Mercy (Horizon),,187,666,20.8,553,17.3,17,945,29.53,402,547,73.5,286,8.94,5.8,1,31,3.1,"1,172",36.6,-7.1,"2,568",80.3,-14.3,659,20.59,380,11.88,346,427,0.81,28.1,761,"1,806",42.1,12.6,921,"1,878",49.0,699,259,37.1,"2,111",66.0,17.1
Drake (MVC),10,300,819,23.4,570,16.3,7,"1,202",34.34,513,681,75.3,278,7.94,8.6,28,7,80.0,"1,147",32.8,1.6,"2,463",70.4,9.5,924,26.4,431,12.31,559,337,1.66,36.6,992,"2,079",47.7,14.7,885,"2,000",44.3,775,257,33.2,"2,797",79.9,19.5
Drexel (CAA),,216,628,19.6,491,15.3,4,"1,253",39.16,408,565,72.2,369,11.53,6.8,20,12,62.5,999,31.2,7.9,"2,130",66.6,6.8,884,27.63,289,9.03,406,346,1.17,34.4,861,"1,886",45.7,12.8,784,"1,874",41.8,662,209,31.6,"2,346",73.3,17.7
Duke (ACC),4,298,791,22.0,571,15.9,8,"1,319",36.64,524,725,72.3,383,10.64,8.3,27,9,75.0,"1,136",31.6,5.1,"2,387",66.3,12.3,936,26.0,407,11.31,551,349,1.58,37.7,"1,004","2,112",47.5,14.6,884,"2,055",43.0,713,227,31.8,"2,830",78.6,20.1
Duquesne (Atlantic 10),11,279,821,22.2,634,17.1,13,"1,288",34.81,490,681,72.0,389,10.51,7.5,25,12,67.6,"1,268",34.3,0.5,"2,467",66.7,3.9,899,24.3,485,13.11,497,433,1.15,34.0,921,"2,110",43.6,13.2,862,"2,037",42.3,768,244,31.8,"2,611",70.6,18.4
ETSU (SoCon),,272,876,25.0,638,18.2,22,"1,350",38.57,498,730,68.2,486,13.89,7.8,19,16,54.3,"1,254",35.8,2.7,"2,435",69.6,1.9,864,24.69,468,13.37,399,433,0.92,31.1,866,"2,131",40.6,14.2,849,"1,961",43.3,749,245,32.7,"2,502",71.5,20.9
East Carolina (AAC),,218,696,21.1,516,15.6,5,"1,154",34.97,463,669,69.2,393,11.91,6.6,15,18,45.5,"1,141",34.6,0.4,"2,319",70.3,-1.0,761,23.06,415,12.58,406,358,1.13,31.3,803,"1,903",42.2,14.0,810,"1,835",44.1,788,258,32.7,"2,287",69.3,20.3
Eastern Ill. (OVC),,179,560,17.5,567,17.7,16,"1,131",35.34,381,521,73.1,349,10.91,5.6,14,18,43.8,"1,135",35.5,-0.1,"2,172",67.9,1.0,782,24.44,454,14.19,413,331,1.25,32.0,822,"1,951",42.1,11.9,757,"1,721",44.0,637,224,35.2,"2,204",68.9,16.3
Eastern Ky. (ASUN),,243,678,21.9,502,16.2,5,"1,244",40.13,427,628,68.0,410,13.23,7.8,17,14,54.8,"1,135",36.6,3.5,"2,371",76.5,4.3,834,26.9,350,11.29,453,356,1.27,35.8,917,"1,993",46.0,13.8,847,"1,984",42.7,677,253,37.4,"2,504",80.8,20.3
Eastern Mich. (MAC),,178,585,18.9,508,16.4,14,"1,069",34.48,303,454,66.7,321,10.35,5.7,13,18,41.9,"1,129",36.4,-1.9,"2,252",72.6,-6.6,748,24.13,331,10.68,321,361,0.89,30.4,783,"1,825",42.9,9.8,820,"1,819",45.1,712,225,31.6,"2,047",66.0,14.6
Eastern Wash. (Big Sky),,273,749,23.4,579,18.1,14,"1,083",33.84,525,681,77.1,258,8.06,8.5,21,11,65.6,"1,009",31.5,2.3,"2,407",75.2,5.6,825,25.78,384,12.0,562,422,1.33,36.4,894,"1,783",50.1,16.4,836,"1,912",43.7,781,281,36.0,"2,586",80.8,21.3
Elon (CAA),,275,781,24.4,503,15.7,7,"1,082",33.81,416,588,70.7,331,10.34,8.6,13,19,40.6,"1,126",35.2,-1.4,"2,413",75.4,-2.3,751,23.47,355,11.09,418,379,1.1,35.2,824,"1,848",44.6,13.0,880,"1,925",45.7,783,266,34.0,"2,339",73.1,18.4
Evansville (MVC),,237,705,20.1,535,15.3,6,"1,178",33.66,414,577,71.8,270,7.71,6.8,17,18,48.6,"1,246",35.6,-1.9,"2,562",73.2,-2.3,908,25.94,425,12.14,451,406,1.11,33.6,915,"2,043",44.8,11.8,912,"2,074",44.0,899,315,35.0,"2,481",70.9,16.5
FDU (NEC),,268,812,25.4,571,17.8,8,"1,191",37.22,476,680,70.0,364,11.38,8.4,15,17,46.9,"1,275",39.8,-2.6,"2,482",77.6,-1.6,827,25.84,464,14.5,484,408,1.19,33.0,843,"2,012",41.9,14.9,885,"1,967",45.0,780,277,35.5,"2,430",75.9,21.3
FGCU (ASUN),,250,704,22.0,464,14.5,9,"1,098",34.31,349,502,69.5,316,9.88,7.8,14,18,43.8,"1,043",32.6,1.7,"2,276",71.1,-0.7,782,24.44,332,10.38,375,363,1.03,35.5,827,"1,817",45.5,10.9,819,"1,845",44.4,792,280,35.4,"2,253",70.4,15.7
FIU (CUSA),,284,840,25.5,595,18.0,17,"1,044",31.64,381,569,67.0,344,10.42,8.6,11,22,33.3,"1,281",38.8,-7.2,"2,525",76.5,-2.9,700,21.21,570,17.27,465,451,1.03,33.8,882,"2,019",43.7,11.5,891,"1,876",47.5,676,267,39.5,"2,429",73.6,17.2
Fairfield (MAAC),,342,943,25.5,531,14.4,4,"1,239",33.49,470,620,75.8,368,9.95,9.2,24,13,64.9,"1,299",35.1,-1.6,"2,626",71.0,4.5,871,23.54,515,13.92,497,394,1.26,36.3,991,"2,221",44.6,12.7,987,"2,156",45.8,792,269,34.0,"2,794",75.5,16.8
Fla. Atlantic (AAC),,284,810,23.8,546,16.1,5,"1,294",38.06,521,724,72.0,396,11.65,8.4,25,9,73.5,"1,159",34.1,4.0,"2,495",73.4,8.6,898,26.41,394,11.59,505,388,1.3,35.1,992,"2,074",47.8,15.3,912,"2,096",43.5,756,255,33.7,"2,789",82.0,21.3
Florida (SEC),7,280,812,22.6,664,18.4,15,"1,522",42.28,646,903,71.5,527,14.64,7.8,24,12,66.7,"1,289",35.8,6.5,"2,851",79.2,6.4,995,27.64,389,10.81,546,420,1.3,34.5,"1,077","2,351",45.8,17.9,"1,017","2,311",44.0,748,244,32.6,"3,080",85.6,25.1
Florida A&M (SWAC),,170,495,17.1,541,18.7,16,"1,002",34.55,325,464,70.0,278,9.59,5.9,6,23,20.7,"1,059",36.5,-2.0,"2,240",77.2,-10.0,724,24.97,334,11.52,414,442,0.94,34.3,727,"1,679",43.3,11.2,777,"1,732",44.9,626,226,36.1,"1,949",67.2,16.0
Florida St. (ACC),,200,630,19.1,651,19.7,13,"1,098",33.27,520,735,70.7,336,10.18,6.1,17,16,51.5,"1,214",36.8,-3.5,"2,518",76.3,0.2,762,23.09,493,14.94,406,392,1.04,31.7,903,"1,995",45.3,15.8,859,"1,892",45.4,723,256,35.4,"2,526",76.5,22.3
Fordham (Atlantic 10),,265,841,25.5,666,20.2,10,"1,225",37.12,464,701,66.2,430,13.03,8.0,13,20,39.4,"1,189",36.0,1.1,"2,389",72.4,-1.9,795,24.09,459,13.91,419,426,0.98,31.5,798,"1,993",40.0,14.1,805,"1,795",44.8,557,199,35.7,"2,325",70.5,21.2
Fresno St. (Mountain West),,229,690,20.9,520,15.8,11,"1,043",31.61,380,555,68.5,260,7.88,6.9,12,21,36.4,"1,154",35.0,-3.4,"2,439",73.9,-6.2,783,23.73,347,10.52,411,415,0.99,33.2,812,"1,794",45.3,11.5,901,"1,952",46.2,722,269,37.3,"2,233",67.7,16.8
Furman (SoCon),,320,988,29.9,528,16.0,11,"1,247",37.79,481,661,72.8,371,11.24,9.7,17,16,51.5,"1,183",35.8,1.9,"2,506",75.9,3.5,876,26.55,397,12.03,535,391,1.37,32.4,911,"2,054",44.4,14.6,940,"2,036",46.2,709,243,34.3,"2,623",79.5,20.0
Ga. Southern (Sun Belt),,309,878,26.6,662,20.1,23,"1,130",34.24,417,570,73.2,347,10.52,9.4,9,24,27.3,"1,258",38.1,-3.9,"2,615",79.2,-5.9,783,23.73,401,12.15,354,436,0.81,35.2,847,"1,971",43.0,12.6,887,"1,947",45.6,708,251,35.5,"2,420",73.3,17.3
Gardner-Webb (Big South),,249,722,21.9,633,19.2,19,"1,260",38.18,443,702,63.1,370,11.21,7.5,17,16,51.5,"1,201",36.4,1.8,"2,414",73.2,0.4,890,26.97,378,11.45,419,385,1.09,34.5,867,"1,992",43.5,13.4,839,"1,934",43.4,669,222,33.2,"2,426",73.5,21.3
George Mason (Atlantic 10),,218,637,19.9,527,16.5,11,"1,152",36.0,473,637,74.3,323,10.09,6.8,20,12,62.5,"1,009",31.5,4.5,"2,109",65.9,5.1,829,25.91,343,10.72,365,378,0.97,34.2,791,"1,720",46.0,14.8,723,"1,791",40.4,752,261,34.7,"2,273",71.0,19.9
George Washington (Atlantic 10),,287,796,24.9,465,14.5,11,"1,180",36.88,488,654,74.6,293,9.16,9.0,15,17,46.9,"1,203",37.6,-0.7,"2,472",77.3,-0.5,887,27.72,323,10.09,395,397,0.99,36.1,841,"1,901",44.2,15.3,917,"2,128",43.1,810,282,34.8,"2,457",76.8,20.4
Georgetown (Big East),,265,766,23.9,533,16.7,15,"1,090",34.06,452,633,71.4,390,12.19,8.3,9,23,28.1,"1,087",34.0,0.1,"2,492",77.9,-7.0,700,21.88,356,11.13,391,390,1.0,34.6,775,"1,867",41.5,14.1,901,"1,841",48.9,703,248,35.3,"2,267",70.8,19.8
Georgia (SEC),,300,883,23.9,598,16.2,7,"1,319",35.65,578,803,72.0,366,9.89,8.1,20,17,54.1,"1,405",38.0,-2.3,"2,764",74.7,0.0,953,25.76,423,11.43,436,421,1.04,34.0,943,"2,195",43.0,15.6,998,"2,289",43.6,852,282,33.1,"2,764",74.7,21.7
Georgia St. (Sun Belt),,234,718,23.2,543,17.5,13,"1,160",37.42,424,560,75.7,325,10.48,7.5,14,17,45.2,"1,193",38.5,-1.1,"2,319",74.8,1.6,835,26.94,326,10.52,366,301,1.22,32.6,856,"1,967",43.5,13.7,816,"1,914",42.6,733,220,30.0,"2,370",76.5,18.1
Georgia Tech (ACC),,254,780,24.4,527,16.5,9,"1,219",38.09,398,561,70.9,367,11.47,7.9,14,18,43.8,"1,133",35.4,2.7,"2,407",75.2,-4.2,852,26.63,283,8.84,425,393,1.08,32.6,810,"1,924",42.1,12.4,846,"1,976",42.8,779,254,32.6,"2,272",71.0,17.5
Gonzaga (WCC),5,243,674,19.3,546,15.6,7,"1,355",38.71,476,660,72.1,379,10.83,6.9,27,8,77.1,"1,110",31.7,7.0,"2,420",69.1,15.4,976,27.89,392,11.2,585,342,1.71,36.1,"1,120","2,162",51.8,13.6,882,"2,169",40.7,795,267,33.6,"2,959",84.5,18.9
Grambling St. (SWAC),16,185,547,15.2,577,16.0,10,"1,158",32.17,531,750,70.8,346,9.61,5.1,21,15,58.3,"1,203",33.4,-1.3,"2,506",69.6,-1.9,812,22.56,461,12.81,354,473,0.75,33.8,860,"1,955",44.0,14.8,891,"2,042",43.6,703,242,34.4,"2,436",67.7,20.8
Grand Canyon (WAC),12,245,729,20.8,625,17.9,17,"1,335",38.14,676,903,74.9,412,11.77,7.0,30,5,85.7,"1,181",33.7,4.4,"2,346",67.0,12.1,923,26.37,487,13.91,424,430,0.99,33.6,924,"2,008",46.0,19.3,822,"2,039",40.3,694,222,32.0,"2,769",79.1,25.8
Green Bay (Horizon),,285,840,26.3,552,17.3,9,"1,061",33.16,364,504,72.2,283,8.84,8.9,18,14,56.3,"1,045",32.7,0.5,"2,207",69.0,0.1,778,24.31,297,9.28,412,384,1.07,33.9,780,"1,742",44.8,11.4,782,"1,799",43.5,636,190,29.9,"2,209",69.0,15.8
Hampton (CAA),,241,759,23.0,537,16.3,9,"1,221",37.0,422,591,71.4,372,11.27,7.3,9,24,27.3,"1,233",37.4,-0.4,"2,520",76.4,-4.6,849,25.73,359,10.88,421,411,1.02,31.8,853,"2,011",42.4,12.8,901,"2,064",43.7,820,262,32.0,"2,369",71.8,17.9
Harvard (Ivy League),,200,596,22.1,400,14.8,2,941,34.85,370,527,70.2,250,9.26,7.4,14,13,51.9,996,36.9,-2.0,"1,937",71.7,-1.4,691,25.59,298,11.04,351,328,1.07,33.6,665,"1,516",43.9,13.7,710,"1,667",42.6,684,231,33.8,"1,900",70.4,19.5
Hawaii (Big West),,265,776,22.8,594,17.5,7,"1,155",33.97,507,706,71.8,287,8.44,7.8,20,14,58.8,"1,086",31.9,2.0,"2,337",68.7,3.6,868,25.53,371,10.91,414,423,0.98,34.1,843,"1,841",45.8,14.9,860,"1,935",44.4,496,154,31.0,"2,458",72.3,20.8
High Point (Big South),,300,879,24.4,651,18.1,16,"1,440",40.0,722,928,77.8,476,13.22,8.3,27,9,75.0,"1,134",31.5,8.5,"2,680",74.4,9.4,964,26.78,360,10.0,427,399,1.07,34.1,999,"2,163",46.2,20.1,944,"2,142",44.1,676,232,34.3,"3,020",83.9,25.8
Hofstra (CAA),,330,890,27.0,480,14.5,12,"1,081",32.76,311,413,75.3,254,7.7,10.0,20,13,60.6,"1,164",35.3,-2.5,"2,259",68.5,5.8,827,25.06,395,11.97,507,344,1.47,37.1,904,"1,918",47.1,9.4,786,"1,899",41.4,796,274,34.4,"2,449",74.2,12.5
Holy Cross (Patriot),,249,704,21.3,532,16.1,3,"1,079",32.7,315,476,66.2,273,8.27,7.5,10,23,30.3,"1,170",35.5,-2.8,"2,462",74.6,-8.1,806,24.42,278,8.42,365,364,1.0,35.4,815,"1,857",43.9,9.5,878,"1,922",45.7,758,290,38.3,"2,194",66.5,14.4
Houston (Big 12),1,286,821,22.2,658,17.8,15,"1,374",37.14,472,687,68.7,497,13.43,7.7,32,5,86.5,"1,251",33.8,3.3,"2,132",57.6,15.9,877,23.7,585,15.81,484,330,1.47,34.8,981,"2,233",43.9,12.8,706,"1,862",37.9,747,225,30.1,"2,720",73.5,18.6
Houston Christian (Southland),,147,488,16.8,422,14.6,11,"1,076",37.1,409,635,64.4,346,11.93,5.1,6,23,20.7,"1,109",38.2,-1.1,"2,420",83.4,-11.9,730,25.17,300,10.34,330,445,0.74,30.1,759,"1,751",43.3,14.1,908,"1,915",47.4,648,220,34.0,"2,074",71.5,21.9
Howard (MEAC),16,281,757,21.6,661,18.9,24,"1,257",35.91,606,807,75.1,395,11.29,8.0,18,17,51.4,"1,125",32.1,3.8,"2,600",74.3,0.7,862,24.63,428,12.23,485,541,0.9,37.1,868,"1,932",44.9,17.3,913,"2,035",44.9,668,227,34.0,"2,623",74.9,23.1
IU Indy (Horizon),,110,444,13.9,558,17.4,8,944,29.5,448,609,73.6,316,9.88,3.4,6,26,18.8,"1,064",33.3,-3.8,"2,554",79.8,-13.9,628,19.63,432,13.5,332,468,0.71,24.8,775,"1,768",43.8,14.0,927,"1,828",50.7,685,258,37.7,"2,108",65.9,19.0
Idaho (Big Sky),,243,726,22.7,567,17.7,10,"1,010",31.56,357,487,73.3,254,7.94,7.6,11,21,34.4,"1,085",33.9,-2.3,"2,278",71.2,-3.4,756,23.63,355,11.09,392,367,1.07,33.5,785,"1,778",44.2,11.2,789,"1,736",45.4,669,236,35.3,"2,170",67.8,15.2
Idaho St. (Big Sky),,218,663,19.5,546,16.1,14,"1,093",32.15,429,625,68.6,337,9.91,6.4,14,20,41.2,"1,029",30.3,1.9,"2,383",70.1,0.4,756,22.24,415,12.21,408,372,1.1,32.9,875,"1,902",46.0,12.6,881,"1,835",48.0,568,199,35.0,"2,397",70.5,18.4
Illinois (Big Ten),3,317,908,23.9,576,15.2,2,"1,554",40.89,643,874,73.6,486,12.79,8.3,29,9,76.3,"1,259",33.1,7.8,"2,787",73.3,10.0,"1,068",28.11,331,8.71,506,401,1.26,34.9,"1,104","2,356",46.9,16.9,"1,044","2,418",43.2,684,233,34.1,"3,168",83.4,23.0
Illinois St. (MVC),,194,665,20.8,502,15.7,7,"1,114",34.81,448,630,71.1,323,10.09,6.1,15,17,46.9,"1,064",33.3,1.6,"2,165",67.7,-1.2,791,24.72,345,10.78,400,360,1.11,29.2,743,"1,752",42.4,14.0,790,"1,786",44.2,702,229,32.6,"2,128",66.5,19.7
Indiana (Big Ten),,166,513,15.5,559,16.9,11,"1,154",34.97,462,696,66.4,293,8.88,5.0,19,14,57.6,"1,156",35.0,-0.1,"2,452",74.3,-2.0,861,26.09,341,10.33,504,400,1.26,32.4,879,"1,848",47.6,14.0,845,"2,013",42.0,829,284,34.3,"2,386",72.3,21.1
Indiana St. (MVC),,427,"1,119",28.7,638,16.4,8,"1,383",35.46,600,754,79.6,279,7.15,10.9,32,7,82.1,"1,245",31.9,3.5,"2,854",73.2,11.7,"1,104",28.31,437,11.21,698,452,1.54,38.2,"1,141","2,258",50.5,15.4,"1,055","2,406",43.8,819,282,34.4,"3,309",84.8,19.3
Iona (MAAC),,271,768,23.3,588,17.8,12,"1,051",31.85,369,566,65.2,345,10.45,8.2,16,17,48.5,"1,189",36.0,-4.2,"2,329",70.6,0.8,706,21.39,502,15.21,473,336,1.41,35.3,857,"1,984",43.2,11.2,804,"1,746",46.0,698,237,34.0,"2,354",71.3,17.2
Iowa (Big Ten),,226,644,18.9,575,16.9,6,"1,210",35.59,551,712,77.4,333,9.79,6.6,19,15,55.9,"1,262",37.1,-1.5,"2,700",79.4,3.7,877,25.79,408,12.0,606,327,1.85,35.1,"1,025","2,154",47.6,16.2,969,"2,114",45.8,760,272,35.8,"2,827",83.1,20.9
Iowa St. (Big 12),2,246,687,18.6,610,16.5,10,"1,254",33.89,537,765,70.2,393,10.62,6.6,29,8,78.4,"1,227",33.2,0.7,"2,277",61.5,13.8,861,23.27,636,17.19,582,387,1.5,35.8,"1,002","2,164",46.3,14.5,768,"1,909",40.2,863,272,31.5,"2,787",75.3,20.7
Jackson St. (SWAC),,211,650,20.3,544,17.0,14,"1,161",36.28,470,668,70.4,417,13.03,6.6,15,17,46.9,"1,129",35.3,1.0,"2,418",75.6,-4.3,744,23.25,427,13.34,384,428,0.9,32.5,799,"1,923",41.5,14.7,849,"1,862",45.6,738,260,35.2,"2,279",71.2,20.9
Jacksonville (ASUN),,214,650,19.7,648,19.6,17,"1,209",36.64,485,688,70.5,412,12.48,6.5,16,17,48.5,"1,059",32.1,4.5,"2,389",72.4,-0.6,797,24.15,417,12.64,355,431,0.82,32.9,835,"1,918",43.5,14.7,811,"1,853",43.8,738,255,34.6,"2,369",71.8,20.8
Jacksonville St. (CUSA),,170,507,15.8,524,16.4,11,"1,178",36.81,464,661,70.2,370,11.56,5.3,14,18,43.8,983,30.7,6.1,"2,126",66.4,3.6,808,25.25,401,12.53,354,433,0.82,33.5,803,"1,778",45.2,14.5,752,"1,735",43.3,619,209,33.8,"2,240",70.0,20.7
James Madison (Sun Belt),12,307,852,23.7,621,17.3,11,"1,390",38.61,542,771,70.3,415,11.53,8.5,32,4,88.9,"1,221",33.9,4.7,"2,506",69.6,13.6,975,27.08,516,14.33,577,392,1.47,36.0,"1,073","2,254",47.6,15.1,878,"2,112",41.6,753,225,29.9,"2,995",83.2,21.4
Kansas (Big 12),4,195,587,17.3,502,14.8,5,"1,228",36.12,454,630,72.1,280,8.24,5.7,23,11,67.6,"1,147",33.7,2.4,"2,376",69.9,5.7,948,27.88,395,11.62,647,397,1.63,33.2,960,"1,967",48.8,13.4,842,"2,055",41.0,849,289,34.0,"2,569",75.6,18.5
Kansas City (Summit League),,269,811,25.3,624,19.5,8,"1,162",36.31,405,568,71.3,367,11.47,8.4,16,16,50.0,"1,034",32.3,4.0,"2,217",69.3,2.6,795,24.84,405,12.66,411,385,1.07,33.2,813,"1,903",42.7,12.7,746,"1,705",43.8,637,204,32.0,"2,300",71.9,17.8
Kansas St. (Big 12),,251,790,23.2,596,17.5,6,"1,275",37.5,529,735,72.0,378,11.12,7.4,19,15,55.9,"1,182",34.8,2.7,"2,417",71.1,1.1,897,26.38,382,11.24,475,503,0.94,31.8,837,"1,919",43.6,15.6,849,"2,068",41.1,759,237,31.2,"2,454",72.2,21.6
Kennesaw St. (ASUN),,292,888,28.6,623,20.1,11,"1,204",38.84,460,682,67.4,380,12.26,9.4,15,16,48.4,"1,201",38.7,0.1,"2,504",80.8,2.1,824,26.58,418,13.48,460,374,1.23,32.9,908,"2,035",44.6,14.8,841,"1,916",43.9,742,259,34.9,"2,568",82.8,22.0
Kent St. (MAC),,282,788,23.2,609,17.9,7,"1,178",34.65,482,646,74.6,377,11.09,8.3,17,17,50.0,"1,132",33.3,1.4,"2,424",71.3,3.5,801,23.56,450,13.24,436,403,1.08,35.8,890,"2,016",44.1,14.2,850,"1,901",44.7,757,247,32.6,"2,544",74.8,19.0
Kentucky (SEC),3,327,800,24.2,577,17.5,12,"1,241",37.61,501,649,77.2,332,10.06,9.9,23,10,69.7,"1,215",36.8,0.8,"2,630",79.7,9.3,909,27.55,391,11.85,579,352,1.64,40.9,"1,055","2,132",49.5,15.2,917,"2,138",42.9,859,285,33.2,"2,938",89.0,19.7
LIU (NEC),,157,506,17.4,557,19.2,31,"1,014",34.97,360,532,67.7,272,9.38,5.4,7,22,24.1,"1,097",37.8,-2.9,"2,227",76.8,-10.3,742,25.59,330,11.38,363,422,0.86,31.0,706,"1,691",41.8,12.4,779,"1,713",45.5,588,183,31.1,"1,929",66.5,18.3
LMU (CA) (WCC),,261,710,22.9,504,16.3,6,"1,082",34.9,379,519,73.0,307,9.9,8.4,12,19,38.7,"1,009",32.5,2.4,"2,214",71.4,1.0,775,25.0,264,8.52,369,333,1.11,36.8,802,"1,791",44.8,12.2,814,"1,817",44.8,578,197,34.1,"2,244",72.4,16.7
LSU (SEC),,256,717,21.7,574,17.4,4,"1,177",35.67,528,730,72.3,345,10.45,7.8,17,16,51.5,"1,158",35.1,0.6,"2,474",75.0,1.4,832,25.21,426,12.91,388,434,0.89,35.7,868,"1,907",45.5,16.0,848,"1,981",42.8,821,275,33.5,"2,520",76.4,22.1
La Salle (Atlantic 10),,281,811,24.6,550,16.7,11,"1,142",34.61,363,502,72.3,336,10.18,8.5,16,17,48.5,"1,235",37.4,-2.8,"2,411",73.1,-0.4,806,24.42,357,10.82,484,316,1.53,34.6,877,"2,041",43.0,11.0,866,"1,942",44.6,633,223,35.2,"2,398",72.7,15.2
Lafayette (Patriot),,227,728,22.8,518,16.2,6,"1,064",33.25,295,438,67.4,279,8.72,7.1,11,21,34.4,"1,184",37.0,-3.8,"2,154",67.3,-4.5,785,24.53,376,11.75,421,372,1.13,31.2,744,"1,823",40.8,9.2,752,"1,801",41.8,692,237,34.2,"2,010",62.8,13.7
Lamar University (Southland),,248,717,21.7,615,18.6,10,"1,257",38.09,496,679,73.0,412,12.48,7.5,19,14,57.6,"1,161",35.2,2.9,"2,406",72.9,4.9,845,25.61,463,14.03,544,426,1.28,34.6,912,"2,025",45.0,15.0,808,"1,919",42.1,767,257,33.5,"2,568",77.8,20.6
Lehigh (Patriot),,230,714,22.3,532,16.6,6,"1,137",35.53,438,596,73.5,263,8.22,7.2,14,18,43.8,"1,150",35.9,-0.4,"2,272",71.0,1.7,874,27.31,410,12.81,422,386,1.09,32.2,829,"1,887",43.9,13.7,828,"1,880",44.0,695,240,34.5,"2,326",72.7,18.6
Liberty (CUSA),,324,880,27.5,480,15.0,5,"1,087",33.97,312,472,66.1,279,8.72,10.1,18,14,56.3,"1,042",32.6,1.4,"2,096",65.5,8.3,808,25.25,372,11.63,508,334,1.52,36.8,863,"1,848",46.7,9.8,775,"1,769",43.8,571,179,31.3,"2,362",73.8,14.8
Lipscomb (ASUN),,297,781,24.4,414,12.9,5,"1,064",33.25,409,533,76.7,244,7.63,9.3,20,12,62.5,"1,115",34.8,-1.6,"2,448",76.5,5.6,820,25.63,369,11.53,465,321,1.45,38.0,960,"1,946",49.3,12.8,926,"2,015",46.0,754,268,35.5,"2,626",82.1,16.7
Little Rock (OVC),,217,629,18.5,596,17.5,20,"1,244",36.59,497,664,74.8,369,10.85,6.4,21,13,61.8,"1,165",34.3,2.3,"2,464",72.5,4.8,875,25.74,425,12.5,502,417,1.2,34.5,957,"2,024",47.3,14.6,844,"2,012",41.9,772,249,32.3,"2,628",77.3,19.5
Long Beach St. (Big West),15,194,637,17.7,620,17.2,18,"1,399",38.86,606,855,70.9,450,12.5,5.4,21,15,58.3,"1,289",35.8,3.1,"2,735",76.0,1.4,949,26.36,491,13.64,550,455,1.21,30.5,993,"2,239",44.4,16.8,951,"2,205",43.1,967,335,34.6,"2,786",77.4,23.8
Longwood (Big South),16,201,590,16.9,639,18.3,9,"1,343",38.37,552,804,68.7,470,13.43,5.7,21,14,60.0,"1,041",29.7,8.6,"2,396",68.5,6.3,873,24.94,477,13.63,446,444,1.0,34.1,931,"2,053",45.3,15.8,837,"1,902",44.0,761,264,34.7,"2,615",74.7,23.0
Louisiana (Sun Belt),,251,743,22.5,592,17.9,11,"1,133",34.33,415,569,72.9,371,11.24,7.6,19,14,57.6,"1,170",35.5,-1.1,"2,365",71.7,4.2,762,23.09,487,14.76,409,388,1.05,33.8,919,"2,025",45.4,12.6,834,"1,856",44.9,590,163,27.6,"2,504",75.9,17.2
Louisiana Tech (CUSA),,229,633,19.8,500,15.6,10,"1,244",38.88,517,738,70.1,376,11.75,7.2,22,10,68.8,"1,051",32.8,6.0,"2,065",64.5,10.2,868,27.13,406,12.69,404,398,1.02,36.2,823,"1,802",45.7,16.2,716,"1,832",39.1,666,222,33.3,"2,392",74.8,23.1
Louisville (ACC),,175,571,17.8,544,17.0,16,"1,100",34.38,531,712,74.6,318,9.94,5.5,8,24,25.0,"1,109",34.7,-0.3,"2,530",79.1,-7.1,782,24.44,366,11.44,356,410,0.87,30.6,799,"1,833",43.6,16.6,894,"1,890",47.3,740,275,37.2,"2,304",72.0,22.3
Loyola Chicago (Atlantic 10),,274,775,23.5,643,19.5,12,"1,213",36.76,428,629,68.0,317,9.61,8.3,23,10,69.7,"1,108",33.6,3.2,"2,228",67.5,5.6,896,27.15,414,12.55,547,423,1.29,35.4,855,"1,900",45.0,13.0,747,"1,858",40.2,668,228,34.1,"2,412",73.1,19.1
Loyola Maryland (Patriot),,230,685,21.4,518,16.2,10,"1,097",34.28,345,536,64.4,328,10.25,7.2,7,25,21.9,"1,049",32.8,1.5,"2,301",71.9,-7.9,769,24.03,331,10.34,410,436,0.94,33.6,737,"1,767",41.7,10.8,831,"1,785",46.6,659,236,35.8,"2,049",64.0,16.8
Maine (America East),,173,587,18.3,522,16.3,9,"1,044",32.63,389,541,71.9,255,7.97,5.4,15,17,46.9,"1,133",35.4,-2.8,"2,159",67.5,0.2,789,24.66,422,13.19,397,365,1.09,29.5,801,"1,831",43.7,12.2,789,"1,794",44.0,589,187,31.7,"2,164",67.6,16.9
Manhattan (MAAC),,219,695,23.2,417,13.9,5,989,32.97,286,396,72.2,275,9.17,7.3,7,23,23.3,"1,139",38.0,-5.0,"2,275",75.8,-9.7,714,23.8,356,11.87,432,402,1.07,31.5,740,"1,792",41.3,9.5,847,"1,827",46.4,617,227,36.8,"1,985",66.2,13.2
Marist (MAAC),,212,596,19.2,503,16.2,7,996,32.13,340,488,69.7,222,7.16,6.8,18,13,58.1,"1,029",33.2,-1.1,"1,928",62.2,2.5,774,24.97,417,13.45,381,378,1.01,35.6,726,"1,638",44.3,11.0,670,"1,633",41.0,626,199,31.8,"2,004",64.6,15.7
Marquette (Big East),2,327,928,25.1,556,15.0,4,"1,212",32.76,405,576,70.3,322,8.7,8.8,27,10,73.0,"1,326",35.8,-3.1,"2,583",69.8,8.2,890,24.05,544,14.7,587,369,1.59,35.2,"1,078","2,256",47.8,10.9,919,"2,156",42.6,923,311,33.7,"2,888",78.1,15.6
Marshall (Sun Belt),,270,870,26.4,530,16.1,9,"1,303",39.48,437,615,71.1,406,12.3,8.2,13,20,39.4,"1,290",39.1,0.4,"2,531",76.7,-2.9,897,27.18,391,11.85,492,393,1.25,31.0,864,"2,117",40.8,13.2,922,"2,060",44.8,718,258,35.9,"2,435",73.8,18.6
Maryland (Big Ten),,201,696,21.1,576,17.5,15,"1,179",35.73,545,757,72.0,380,11.52,6.1,16,17,48.5,"1,147",34.8,1.0,"2,174",65.9,3.2,799,24.21,416,12.61,360,387,0.93,28.9,766,"1,854",41.3,16.5,763,"1,825",41.8,549,180,32.8,"2,278",69.0,22.9
Massachusetts (Atlantic 10),,209,668,21.5,579,18.7,7,"1,188",38.32,476,681,69.9,416,13.42,6.7,20,11,64.5,"1,053",34.0,4.4,"2,193",70.7,6.7,772,24.9,407,13.13,483,345,1.4,31.3,858,"1,904",45.1,15.4,739,"1,755",42.1,674,226,33.5,"2,401",77.5,22.0
McNeese (Southland),12,257,671,19.7,588,17.3,14,"1,226",36.06,516,745,69.3,382,11.24,7.6,30,4,88.2,"1,121",33.0,3.1,"2,116",62.2,17.7,844,24.82,556,16.35,506,329,1.54,38.3,973,"1,997",48.7,15.2,712,"1,829",38.9,879,279,31.7,"2,719",80.0,21.9
Memphis (AAC),,266,759,23.7,551,17.2,10,"1,185",37.03,514,709,72.5,383,11.97,8.3,22,10,68.8,"1,169",36.5,0.5,"2,424",75.8,4.7,802,25.06,443,13.84,438,419,1.05,35.0,897,"1,952",46.0,16.1,855,"2,001",42.7,854,290,34.0,"2,574",80.4,22.2
Mercer (SoCon),,210,608,18.4,631,19.1,10,"1,132",34.3,378,565,66.9,368,11.15,6.4,16,17,48.5,"1,155",35.0,-0.7,"2,371",71.8,-0.7,764,23.15,403,12.21,434,367,1.18,34.5,880,"1,961",44.9,11.5,814,"1,827",44.6,662,223,33.7,"2,348",71.2,17.1
Merrimack (NEC),,241,779,23.6,532,16.1,12,"1,034",31.33,452,620,72.9,260,7.88,7.3,21,12,63.6,"1,252",37.9,-6.6,"2,159",65.4,3.8,774,23.45,536,16.24,409,436,0.94,30.9,795,"1,814",43.8,13.7,782,"1,873",41.8,592,186,31.4,"2,283",69.2,18.8
Miami (FL) (ACC),,286,792,24.8,419,13.1,5,"1,174",36.69,360,483,74.5,324,10.13,8.9,15,17,46.9,"1,144",35.8,0.9,"2,356",73.6,2.1,850,26.56,373,11.66,454,386,1.18,36.1,889,"1,960",45.4,11.3,866,"1,998",43.3,920,306,33.3,"2,424",75.8,15.1
Miami (OH) (MAC),,259,717,22.4,552,17.3,10,"1,063",33.22,404,572,70.6,257,8.03,8.1,15,17,46.9,"1,168",36.5,-3.3,"2,241",70.0,0.6,806,25.19,399,12.47,462,375,1.23,36.1,798,"1,802",44.3,12.6,800,"1,870",42.8,683,213,31.2,"2,259",70.6,17.9
Michigan (Big Ten),,255,710,22.2,549,17.2,14,"1,134",35.44,421,599,70.3,340,10.63,8.0,8,24,25.0,"1,117",34.9,0.5,"2,528",79.0,-6.1,794,24.81,306,9.56,400,414,0.97,35.9,829,"1,869",44.4,13.2,926,"1,988",46.6,649,234,36.1,"2,334",72.9,18.7
Michigan St. (Big Ten),9,227,626,17.9,581,16.6,6,"1,215",34.71,426,602,70.8,353,10.09,6.5,20,15,57.1,"1,176",33.6,1.1,"2,312",66.1,6.8,862,24.63,432,12.34,558,350,1.59,36.3,949,"2,058",46.1,12.2,800,"1,938",41.3,806,263,32.6,"2,551",72.9,17.2
Middle Tenn. (CUSA),,241,774,23.5,516,15.6,13,"1,147",34.76,444,631,70.4,344,10.42,7.3,14,19,42.4,"1,194",36.2,-1.4,"2,319",70.3,-4.6,803,24.33,367,11.12,329,462,0.71,31.1,741,"1,843",40.2,13.5,854,"1,945",43.9,589,194,32.9,"2,167",65.7,19.1
Milwaukee (Horizon),,277,861,24.6,635,18.1,12,"1,364",38.97,545,750,72.7,473,13.51,7.9,20,15,57.1,"1,258",35.9,3.0,"2,753",78.7,0.8,891,25.46,404,11.54,498,439,1.13,32.2,980,"2,198",44.6,15.6,962,"2,194",43.8,836,288,34.4,"2,782",79.5,21.4
Minnesota (Big Ten),,268,754,22.2,547,16.1,9,"1,187",34.91,462,670,69.0,343,10.09,7.9,19,15,55.9,"1,116",32.8,2.1,"2,444",71.9,3.1,844,24.82,371,10.91,588,408,1.44,35.5,910,"1,930",47.2,13.6,898,"1,999",44.9,609,219,36.0,"2,550",75.0,19.7
Mississippi St. (SEC),8,251,781,22.3,580,16.6,8,"1,333",38.09,508,758,67.0,436,12.46,7.2,21,14,60.0,"1,140",32.6,5.5,"2,417",69.1,5.0,897,25.63,443,12.66,491,455,1.08,32.1,917,"2,027",45.2,14.5,844,"2,016",41.9,830,247,29.8,"2,593",74.1,21.7
Mississippi Val. (SWAC),,143,489,15.8,550,17.7,11,911,29.39,350,532,65.8,298,9.61,4.6,1,30,3.2,"1,111",35.8,-6.5,"2,409",77.7,-22.3,613,19.77,354,11.42,271,495,0.55,29.2,613,"1,611",38.1,11.3,835,"1,711",48.8,624,231,37.0,"1,719",55.5,17.2
Missouri (SEC),,233,730,22.8,642,20.1,14,992,31.0,462,583,79.2,293,9.16,7.3,8,24,25.0,"1,188",37.1,-6.1,"2,438",76.2,-4.0,699,21.84,409,12.78,390,370,1.05,31.9,807,"1,838",43.9,14.4,809,"1,818",44.5,724,249,34.4,"2,309",72.2,18.2
Missouri St. (MVC),,223,711,21.5,504,15.3,4,"1,291",39.12,432,608,71.1,335,10.15,6.8,17,16,51.5,"1,131",34.3,4.8,"2,352",71.3,0.0,956,28.97,301,9.12,399,397,1.01,31.4,848,"1,931",43.9,13.1,859,"2,067",41.6,802,265,33.0,"2,351",71.2,18.4
Monmouth (CAA),,252,726,22.0,559,16.9,9,"1,167",35.36,418,585,71.5,370,11.21,7.6,18,15,54.5,"1,219",36.9,-1.6,"2,396",72.6,-0.2,797,24.15,400,12.12,432,345,1.25,34.7,860,"1,998",43.0,12.7,819,"1,919",42.7,829,282,34.0,"2,390",72.4,17.7
Montana (Big Sky),,277,774,21.5,600,16.7,6,"1,227",34.08,477,602,79.2,299,8.31,7.7,24,12,66.7,"1,173",32.6,1.5,"2,586",71.8,5.1,928,25.78,349,9.69,537,371,1.45,35.8,"1,007","2,075",48.5,13.3,926,"2,085",44.4,673,225,33.4,"2,768",76.9,16.7
Montana St. (Big Sky),16,319,863,24.7,647,18.5,21,"1,068",30.51,434,596,72.8,237,6.77,9.1,17,18,48.6,"1,233",35.2,-4.7,"2,606",74.5,0.8,831,23.74,474,13.54,463,408,1.13,37.0,941,"2,012",46.8,12.4,933,"2,000",46.7,681,228,33.5,"2,635",75.3,17.0
Morehead St. (OVC),14,329,912,26.1,553,15.8,8,"1,372",39.2,418,592,70.6,407,11.63,9.4,26,9,74.3,"1,073",30.7,8.5,"2,220",63.4,11.9,965,27.57,367,10.49,526,413,1.27,36.1,944,"2,021",46.7,11.9,789,"2,006",39.3,665,201,30.2,"2,635",75.3,16.9
Morgan St. (MEAC),,148,505,16.3,594,19.2,14,"1,099",35.45,425,561,75.8,338,10.9,4.8,11,20,35.5,"1,159",37.4,-1.9,"2,402",77.5,-4.8,761,24.55,401,12.94,388,451,0.86,29.3,840,"1,862",45.1,13.7,846,"1,902",44.5,612,210,34.3,"2,253",72.7,18.1
St. Mary's (MAAC),5,217,615,19.2,496,15.5,11,"1,125",35.16,358,494,72.5,312,9.75,6.8,13,19,40.6,"1,037",32.4,2.8,"2,298",71.8,0.9,813,25.41,403,12.59,423,465,0.91,35.3,876,"1,852",47.3,11.2,819,"1,890",43.3,657,227,34.6,"2,327",72.7,15.4
Murray St. (MVC),,209,651,20.3,490,15.3,7,"1,048",32.75,381,547,69.7,299,9.34,6.5,12,20,37.5,"1,063",33.2,-0.5,"2,237",69.9,-0.2,749,23.41,379,11.84,369,304,1.21,32.1,821,"1,841",44.6,11.9,811,"1,750",46.3,743,273,36.7,"2,232",69.8,17.1
N.C. A&T (CAA),,192,669,20.9,488,15.3,5,"1,020",31.88,454,637,71.3,300,9.38,6.0,7,25,21.9,"1,306",40.8,-8.9,"2,494",77.9,-12.4,720,22.5,347,10.84,326,300,1.09,28.7,726,"1,873",38.8,14.2,926,"1,931",48.0,719,253,35.2,"2,098",65.6,19.9
N.C. Central (MEAC),,233,681,22.0,552,17.8,13,"1,097",35.39,496,714,69.5,349,11.26,7.5,18,13,58.1,"1,096",35.4,0.0,"2,139",69.0,7.6,748,24.13,432,13.94,398,372,1.07,34.2,823,"1,812",45.4,16.0,747,"1,773",42.1,644,181,28.1,"2,375",76.6,23.0
NC State (ACC),11,285,827,20.2,664,16.2,13,"1,447",35.29,582,794,73.3,415,10.12,7.0,26,15,63.4,"1,484",36.2,-0.9,"2,942",71.8,3.9,"1,032",25.17,501,12.22,536,392,1.37,34.5,"1,117","2,483",45.0,14.2,"1,043","2,408",43.3,887,297,33.5,"3,101",75.6,19.4
NIU (MAC),,227,696,22.5,539,17.4,19,"1,111",35.84,442,658,67.2,320,10.32,7.3,11,20,35.5,"1,141",36.8,-1.0,"2,399",77.4,-4.2,791,25.52,338,10.9,317,394,0.8,32.6,800,"1,802",44.4,14.3,853,"1,898",44.9,681,247,36.3,"2,269",73.2,21.2
NJIT (America East),,201,666,23.8,535,19.1,12,972,34.71,375,529,70.9,321,11.46,7.2,7,21,25.0,"1,059",37.8,-3.1,"2,101",75.0,-7.1,651,23.25,331,11.82,294,311,0.95,30.2,663,"1,681",39.4,13.4,735,"1,598",46.0,568,198,34.9,"1,902",67.9,18.9
Navy (Patriot),,181,603,19.5,559,18.0,11,"1,104",35.61,447,631,70.8,386,12.45,5.8,13,18,41.9,"1,116",36.0,-0.4,"2,067",66.7,-0.2,718,23.16,420,13.55,376,317,1.19,30.0,716,"1,809",39.6,14.4,715,"1,660",43.1,683,221,32.4,"2,060",66.5,20.4
Nebraska (Big Ten),8,319,893,26.3,539,15.9,7,"1,280",37.65,500,658,76.0,326,9.59,9.4,23,11,67.6,"1,268",37.3,0.4,"2,411",70.9,6.8,954,28.06,387,11.38,521,377,1.38,35.7,912,"2,017",45.2,14.7,854,"2,136",40.0,885,288,32.5,"2,643",77.7,19.4
Nevada (Mountain West),10,227,625,18.4,599,17.6,9,"1,167",34.32,593,824,72.0,302,8.88,6.7,26,8,76.5,"1,110",32.6,1.7,"2,276",66.9,9.0,865,25.44,405,11.91,511,342,1.49,36.3,881,"1,860",47.4,17.4,789,"1,886",41.8,783,251,32.1,"2,582",75.9,24.2
New Hampshire (America East),,275,848,27.4,472,15.2,5,"1,160",37.42,421,565,74.5,285,9.19,8.9,16,15,51.6,"1,205",38.9,-1.5,"2,297",74.1,0.0,875,28.23,380,12.26,365,372,0.98,32.4,801,"1,934",41.4,13.6,843,"1,930",43.7,748,223,29.8,"2,298",74.1,18.2
New Mexico (Mountain West),11,233,711,19.8,632,17.6,5,"1,429",39.69,549,776,70.7,462,12.83,6.5,26,10,72.2,"1,276",35.4,4.3,"2,545",70.7,10.3,967,26.86,504,14.0,524,361,1.45,32.8,"1,067","2,343",45.5,15.3,896,"2,122",42.2,771,234,30.4,"2,916",81.0,21.6
New Mexico St. (CUSA),,206,626,19.6,636,19.9,29,"1,079",33.72,418,617,67.7,286,8.94,6.4,13,19,40.6,"1,128",35.3,-1.5,"2,318",72.4,-4.8,793,24.78,373,11.66,359,382,0.94,32.9,771,"1,822",42.3,13.1,762,"1,812",42.1,766,261,34.1,"2,166",67.7,19.3
New Orleans (Southland),,179,589,17.8,629,19.1,11,"1,139",34.52,556,772,72.0,377,11.42,5.4,10,23,30.3,"1,314",39.8,-5.3,"2,622",79.5,-5.9,762,23.09,483,14.64,391,407,0.96,30.4,846,"2,023",41.8,16.8,937,"1,997",46.9,631,214,33.9,"2,427",73.5,23.4
Niagara (MAAC),,199,550,17.2,480,15.0,7,975,30.47,476,633,75.2,235,7.34,6.2,16,16,50.0,"1,008",31.5,-1.0,"2,307",72.1,0.4,740,23.13,363,11.34,409,378,1.08,36.2,822,"1,749",47.0,14.9,862,"1,834",47.0,508,179,35.2,"2,319",72.5,19.8
Nicholls (Southland),,284,778,22.9,636,18.7,15,"1,199",35.26,530,731,72.5,325,9.56,8.4,20,14,58.8,"1,252",36.8,-1.6,"2,514",73.9,-0.1,874,25.71,389,11.44,387,450,0.86,36.5,849,"1,909",44.5,15.6,879,"2,025",43.4,727,229,31.5,"2,512",73.9,21.5
Norfolk St. (MEAC),,223,656,18.7,650,18.6,6,"1,205",34.43,569,788,72.2,384,10.97,6.4,24,11,68.6,"1,158",33.1,1.3,"2,364",67.5,7.0,821,23.46,538,15.37,436,425,1.03,34.0,908,"1,978",45.9,16.3,762,"1,866",40.8,842,285,33.8,"2,608",74.5,22.5
North Ala. (ASUN),,246,679,21.2,589,18.4,16,"1,132",35.38,487,634,76.8,317,9.91,7.7,15,17,46.9,"1,135",35.5,-0.1,"2,435",76.1,0.4,815,25.47,325,10.16,359,324,1.11,36.2,857,"1,931",44.4,15.2,833,"1,870",44.5,649,227,35.0,"2,447",76.5,19.8
North Carolina (ACC),1,301,839,22.7,611,16.5,10,"1,520",41.08,639,842,75.9,452,12.22,8.1,29,8,78.4,"1,250",33.8,7.3,"2,608",70.5,11.5,"1,068",28.86,392,10.59,536,373,1.44,35.9,"1,046","2,323",45.0,17.3,935,"2,281",41.0,817,262,32.1,"3,032",81.9,22.8
North Dakota (Summit League),,264,809,25.3,485,15.2,6,"1,171",36.59,428,600,71.3,366,11.44,8.3,18,14,56.3,"1,077",33.7,2.9,"2,300",71.9,3.4,805,25.16,343,10.72,371,324,1.15,32.6,858,"1,934",44.4,13.4,849,"1,871",45.4,636,214,33.6,"2,408",75.3,18.8
North Dakota St. (Summit League),,252,667,20.8,468,14.6,5,"1,097",34.28,390,543,71.8,271,8.47,7.9,15,17,46.9,"1,026",32.1,2.2,"2,366",73.9,0.7,826,25.81,303,9.47,370,355,1.04,37.8,873,"1,834",47.6,12.2,879,"1,909",46.0,647,232,35.9,"2,388",74.6,17.0
North Florida (ASUN),,383,"1,063",33.2,517,16.2,12,"1,076",33.63,415,542,76.6,284,8.88,12.0,16,16,50.0,"1,144",35.8,-2.1,"2,427",75.8,2.2,792,24.75,336,10.5,398,362,1.1,36.0,849,"1,917",44.3,13.0,889,"1,928",46.1,581,200,34.4,"2,496",78.0,16.9
North Texas (AAC),,284,753,22.1,571,16.8,10,"1,179",34.68,417,566,73.7,390,11.47,8.4,19,15,55.9,"1,111",32.7,2.0,"2,169",63.8,5.4,789,23.21,419,12.32,378,378,1.0,37.7,826,"1,907",43.3,12.3,740,"1,785",41.5,641,212,33.1,"2,353",69.2,16.6
Northeastern (CAA),,204,642,20.1,485,15.2,3,"1,062",33.19,397,531,74.8,326,10.19,6.4,12,20,37.5,981,30.7,2.5,"2,315",72.3,-2.9,736,23.0,357,11.16,435,398,1.09,31.8,810,"1,780",45.5,12.4,834,"1,792",46.5,696,261,37.5,"2,221",69.4,16.6
Northern Ariz. (Big Sky),,207,663,20.1,605,18.3,7,"1,034",31.33,408,586,69.6,274,8.3,6.3,14,19,42.4,"1,207",36.6,-5.2,"2,529",76.6,-8.0,760,23.03,384,11.64,444,416,1.07,31.2,825,"1,883",43.8,12.4,905,"1,908",47.4,649,208,32.0,"2,265",68.6,17.8
Northern Colo. (Big Sky),,254,730,22.1,547,16.6,12,"1,157",35.06,425,583,72.9,270,8.18,7.7,19,14,57.6,"1,133",34.3,0.7,"2,542",77.0,2.3,887,26.88,374,11.33,482,368,1.31,34.8,969,"1,997",48.5,12.9,912,"2,028",45.0,811,285,35.1,"2,617",79.3,17.7
Northern Ky. (Horizon),,209,656,19.9,543,16.5,11,"1,141",34.58,497,691,71.9,347,10.52,6.3,18,15,54.5,"1,187",36.0,-1.4,"2,416",73.2,1.6,794,24.06,480,14.55,456,407,1.12,31.9,882,"1,935",45.6,15.1,875,"1,968",44.5,815,254,31.2,"2,470",74.8,20.9
Northwestern (Big Ten),9,278,713,21.0,598,17.6,12,"1,068",31.41,431,573,75.2,290,8.53,8.2,22,12,64.7,"1,137",33.4,-2.0,"2,348",69.1,4.3,778,22.88,422,12.41,530,300,1.77,39.0,892,"1,960",45.5,12.7,806,"1,788",45.1,668,230,34.4,"2,493",73.3,16.9
Northwestern St. (Southland),,204,643,20.1,598,18.7,12,"1,107",34.59,437,663,65.9,365,11.41,6.4,9,23,28.1,"1,212",37.9,-3.3,"2,429",75.9,-5.4,742,23.19,429,13.41,368,425,0.87,31.7,808,"1,872",43.2,13.7,840,"1,860",45.2,692,223,32.2,"2,257",70.5,20.7
Notre Dame (ACC),,251,790,23.9,497,15.1,3,"1,185",35.91,378,508,74.4,324,9.82,7.6,13,20,39.4,"1,129",34.2,1.7,"2,216",67.2,-3.1,861,26.09,328,9.94,335,413,0.81,31.8,742,"1,824",40.7,11.5,806,"1,910",42.2,702,228,32.5,"2,113",64.0,15.4
Oakland (Horizon),14,318,895,24.9,544,15.1,11,"1,292",35.89,501,667,75.1,383,10.64,8.8,24,12,66.7,"1,248",34.7,1.2,"2,634",73.2,3.3,909,25.25,403,11.19,522,396,1.32,35.5,966,"2,166",44.6,13.9,951,"2,175",43.7,889,301,33.9,"2,751",76.4,18.5
Ohio (MAC),,294,827,25.1,562,17.0,9,"1,153",34.94,455,623,73.0,333,10.09,8.9,20,13,60.6,"1,198",36.3,-1.4,"2,309",70.0,7.3,820,24.85,452,13.7,464,321,1.45,35.6,901,"1,987",45.3,13.8,809,"1,904",42.5,715,238,33.3,"2,551",77.3,18.9
Ohio St. (Big Ten),,254,736,20.4,611,17.0,11,"1,335",37.08,550,717,76.7,394,10.94,7.1,22,14,61.1,"1,235",34.3,2.8,"2,528",70.2,5.3,941,26.14,388,10.78,507,381,1.33,34.5,957,"2,126",45.0,15.3,913,"2,133",42.8,717,249,34.7,"2,718",75.5,19.9
Oklahoma (Big 12),,239,692,21.6,515,16.1,6,"1,126",35.19,503,677,74.3,310,9.69,7.5,20,12,62.5,"1,009",31.5,3.7,"2,201",68.8,6.6,816,25.5,364,11.38,427,399,1.07,34.5,835,"1,797",46.5,15.7,782,"1,855",42.2,662,198,29.9,"2,412",75.4,21.2
Oklahoma St. (Big 12),,260,778,24.3,511,16.0,5,"1,078",33.69,426,611,69.7,294,9.19,8.1,12,20,37.5,"1,087",34.0,-0.3,"2,327",72.7,-1.7,784,24.5,369,11.53,428,413,1.04,33.4,793,"1,799",44.1,13.3,865,"1,891",45.7,623,212,34.0,"2,272",71.0,19.1
Old Dominion (Sun Belt),,221,694,21.7,581,18.2,7,"1,134",35.44,365,551,66.2,320,10.0,6.9,7,25,21.9,"1,295",40.5,-5.0,"2,464",77.0,-6.1,814,25.44,415,12.97,330,349,0.95,31.8,841,"2,001",42.0,11.4,825,"1,893",43.6,794,280,35.3,"2,268",70.9,17.2
Ole Miss (SEC),,241,660,20.6,522,16.3,7,"1,071",33.47,479,658,72.8,333,10.41,7.5,20,12,62.5,"1,186",37.1,-3.6,"2,365",73.9,1.0,738,23.06,398,12.44,484,344,1.41,36.5,839,"1,876",44.7,15.0,843,"1,916",44.0,708,239,33.8,"2,398",74.9,20.6
Omaha (Summit League),,206,631,19.1,552,16.7,6,"1,111",33.67,545,734,74.3,282,8.55,6.2,15,18,45.5,"1,115",33.8,-0.1,"2,404",72.8,1.1,829,25.12,373,11.3,336,326,1.03,32.6,845,"1,873",45.1,16.5,839,"1,871",44.8,806,286,35.5,"2,441",74.0,22.2
Oral Roberts (Summit League),,285,790,25.5,534,17.2,9,"1,022",32.97,366,493,74.2,235,7.58,9.2,12,19,38.7,"1,188",38.3,-5.4,"2,334",75.3,-1.9,787,25.39,334,10.77,341,300,1.14,36.1,812,"1,846",44.0,11.8,831,"1,882",44.2,722,258,35.7,"2,275",73.4,15.9
Oregon (Pac-12),11,263,778,21.6,591,16.4,7,"1,238",34.39,494,687,71.9,357,9.92,7.3,24,12,66.7,"1,221",33.9,0.5,"2,602",72.3,3.3,881,24.47,442,12.28,497,366,1.36,33.8,982,"2,145",45.8,13.7,928,"2,059",45.1,758,265,35.0,"2,721",75.6,19.1
Oregon St. (Pac-12),,196,597,18.7,593,18.5,6,"1,041",32.53,464,630,73.7,275,8.59,6.1,13,19,40.6,"1,092",34.1,-1.6,"2,326",72.7,-3.8,766,23.94,371,11.59,355,395,0.9,32.8,772,"1,745",44.2,14.5,816,"1,832",44.5,699,231,33.0,"2,204",68.9,19.7
Pacific (WCC),,203,643,20.1,551,17.2,8,875,27.34,418,650,64.3,209,6.53,6.3,6,26,18.8,"1,213",37.9,-10.6,"2,553",79.8,-15.1,666,20.81,369,11.53,422,377,1.12,31.6,725,"1,762",41.1,13.1,903,"1,867",48.4,739,261,35.3,"2,071",64.7,20.3
Penn (Ivy League),,275,750,25.9,431,14.9,3,"1,042",35.93,322,468,68.8,303,10.45,9.5,11,18,37.9,975,33.6,2.3,"2,157",74.4,0.1,739,25.48,289,9.97,428,323,1.33,36.7,781,"1,721",45.4,11.1,782,"1,721",45.4,748,268,35.8,"2,159",74.4,16.1
Penn St. (Big Ten),,255,764,23.2,603,18.3,9,"1,065",32.27,515,689,74.7,316,9.58,7.7,16,17,48.5,"1,218",36.9,-4.6,"2,422",73.4,1.7,749,22.7,484,14.67,417,366,1.14,33.4,854,"1,951",43.8,15.6,854,"1,888",45.2,620,188,30.3,"2,478",75.1,20.9
Pepperdine (WCC),,225,624,18.9,537,16.3,8,"1,115",33.79,442,628,70.4,334,10.12,6.8,13,20,39.4,"1,080",32.7,1.1,"2,443",74.0,-1.2,781,23.67,381,11.55,438,370,1.18,36.1,868,"1,924",45.1,13.4,889,"1,850",48.1,577,219,38.0,"2,403",72.8,19.0
Pittsburgh (ACC),,317,887,26.9,510,15.5,7,"1,223",37.06,432,610,70.8,376,11.39,9.6,22,11,66.7,"1,100",33.3,3.7,"2,232",67.6,8.0,847,25.67,366,11.09,452,297,1.52,35.7,873,"1,999",43.7,13.1,793,"1,841",43.1,711,219,30.8,"2,495",75.6,18.5
Portland (WCC),,292,842,25.5,490,14.8,11,"1,112",33.7,416,581,71.6,276,8.36,8.8,12,21,36.4,"1,193",36.2,-2.5,"2,622",79.5,-7.9,836,25.33,301,9.12,446,394,1.13,34.7,826,"1,891",43.7,12.6,970,"2,089",46.4,933,354,37.9,"2,360",71.5,17.6
Portland St. (Big Sky),,237,730,22.8,579,18.1,6,"1,181",36.91,447,652,68.6,375,11.72,7.4,17,15,53.1,"1,182",36.9,0.0,"2,299",71.8,0.1,806,25.19,419,13.09,379,361,1.05,32.5,809,"1,949",41.5,14.0,818,"1,841",44.4,701,247,35.2,"2,302",71.9,20.4
Prairie View (SWAC),,149,489,15.8,626,20.2,23,952,30.71,487,675,72.1,303,9.77,4.8,10,21,32.3,"1,155",37.3,-6.5,"2,368",76.4,-6.2,649,20.94,516,16.65,373,396,0.94,30.5,770,"1,831",42.1,15.7,808,"1,708",47.3,561,195,34.8,"2,176",70.2,21.8
Presbyterian (Big South),,210,629,19.1,612,18.5,15,"1,099",33.3,465,701,66.3,312,9.45,6.4,14,19,42.4,"1,115",33.8,-0.5,"2,413",73.1,1.7,787,23.85,426,12.91,426,377,1.13,33.4,897,"1,901",47.2,14.1,825,"1,801",45.8,632,221,35.0,"2,469",74.8,21.2
Princeton (Ivy League),,304,854,29.4,392,13.5,1,966,33.31,377,468,80.6,244,8.41,10.5,24,5,82.8,928,32.0,1.3,"1,932",66.6,10.4,722,24.9,321,11.07,422,237,1.78,35.6,777,"1,695",45.8,13.0,718,"1,616",44.4,629,205,32.6,"2,235",77.1,16.1
Providence (Big East),,290,891,25.5,552,15.8,9,"1,257",35.91,462,640,72.2,321,9.17,8.3,21,14,60.0,"1,230",35.1,0.8,"2,407",68.8,3.6,936,26.74,411,11.74,477,424,1.13,32.5,891,"2,011",44.3,13.2,872,"2,094",41.6,715,245,34.3,"2,534",72.4,18.3
Purdue (Big Ten),1,318,788,20.2,536,13.7,2,"1,577",40.44,675,938,72.0,476,12.21,8.2,34,5,87.2,"1,141",29.3,11.2,"2,689",68.9,13.4,"1,101",28.23,368,9.44,720,442,1.63,40.4,"1,109","2,272",48.8,17.3,"1,011","2,423",41.7,893,281,31.5,"3,211",82.3,24.1
Purdue Fort Wayne (Horizon),,340,942,26.2,612,17.0,11,"1,173",32.58,460,654,70.3,302,8.39,9.4,23,13,63.9,"1,330",36.9,-4.4,"2,577",71.6,8.6,871,24.19,581,16.14,490,375,1.31,36.1,"1,043","2,231",46.8,12.8,930,"2,080",44.7,770,245,31.8,"2,886",80.2,18.2
Quinnipiac (MAAC),,254,723,21.3,552,16.2,8,"1,256",36.94,500,645,77.5,369,10.85,7.5,24,10,70.6,"1,137",33.4,3.5,"2,422",71.2,6.1,887,26.09,440,12.94,479,423,1.13,35.1,938,"2,089",44.9,14.7,874,"2,074",42.1,768,257,33.5,"2,630",77.4,19.0
Radford (Big South),,238,655,19.8,561,17.0,11,"1,143",34.64,397,537,73.9,339,10.27,7.2,16,17,48.5,"1,158",35.1,-0.5,"2,361",71.5,0.5,804,24.36,346,10.48,366,357,1.03,36.3,871,"1,907",45.7,12.0,845,"1,946",43.4,781,247,31.6,"2,377",72.0,16.3
Rhode Island (Atlantic 10),,209,599,18.7,541,16.9,8,"1,178",36.81,461,713,64.7,332,10.38,6.5,12,20,37.5,"1,100",34.4,2.4,"2,443",76.3,-3.8,846,26.44,289,9.03,408,403,1.01,34.9,826,"1,800",45.9,14.4,890,"1,967",45.2,776,277,35.7,"2,322",72.6,22.3
Rice (AAC),,251,744,23.3,463,14.5,4,"1,134",35.44,387,557,69.5,330,10.31,7.8,11,21,34.4,"1,138",35.6,-0.1,"2,421",75.7,-3.7,804,25.13,328,10.25,461,372,1.24,33.7,833,"1,880",44.3,12.1,875,"1,941",45.1,748,281,37.6,"2,304",72.0,17.4
Richmond (Atlantic 10),,242,668,20.2,468,14.2,4,"1,081",32.76,382,522,73.2,188,5.7,7.3,23,10,69.7,"1,224",37.1,-4.3,"2,188",66.3,5.6,893,27.06,381,11.55,436,285,1.53,36.2,874,"1,889",46.3,11.6,783,"1,932",40.5,786,247,31.4,"2,372",71.9,15.8
Rider (MAAC),,182,540,16.9,560,17.5,14,"1,202",37.56,455,608,74.8,362,11.31,5.7,15,17,46.9,"1,112",34.8,2.8,"2,308",72.1,0.0,840,26.25,368,11.5,427,398,1.07,33.7,836,"1,921",43.5,14.2,794,"1,878",42.3,723,245,33.9,"2,309",72.2,19.0
Robert Morris (Horizon),,273,812,25.4,564,17.6,16,"1,159",36.22,387,540,71.7,391,12.22,8.5,10,22,31.3,"1,068",33.4,2.8,"2,425",75.8,-3.1,768,24.0,348,10.88,431,443,0.97,33.6,833,"1,927",43.2,12.1,860,"1,865",46.1,644,218,33.9,"2,326",72.7,16.9
Rutgers (Big Ten),,175,610,19.1,541,16.9,11,"1,188",37.13,417,634,65.8,392,12.25,5.5,15,17,46.9,"1,267",39.6,-2.5,"2,129",66.5,-1.2,796,24.88,477,14.91,377,365,1.03,28.7,750,"1,927",38.9,13.0,733,"1,798",40.8,709,232,32.7,"2,092",65.4,19.8
SFA (WAC),,203,607,18.4,697,21.1,13,"1,184",35.88,562,796,70.6,393,11.91,6.2,18,15,54.5,"1,085",32.9,3.0,"2,353",71.3,3.3,791,23.97,563,17.06,422,530,0.8,33.4,849,"1,890",44.9,17.0,759,"1,792",42.4,665,247,37.1,"2,463",74.6,24.1
SIUE (OVC),,239,720,21.8,550,16.7,9,"1,175",35.61,457,631,72.4,375,11.36,7.2,17,16,51.5,"1,150",34.8,0.8,"2,314",70.1,1.4,800,24.24,407,12.33,374,352,1.06,33.2,832,"1,965",42.3,13.8,798,"1,829",43.6,690,249,36.1,"2,360",71.5,19.1
SMU (AAC),,251,735,22.3,564,17.1,13,"1,314",39.82,416,606,68.6,480,14.55,7.6,20,13,60.6,"1,146",34.7,5.1,"2,271",68.8,8.0,834,25.27,428,12.97,517,372,1.39,34.1,934,"2,089",44.7,12.6,793,"1,921",41.3,701,222,31.7,"2,535",76.8,18.4
Sacramento St. (Big Sky),,258,780,22.9,577,17.0,7,"1,209",35.56,428,598,71.6,399,11.74,7.6,10,24,29.4,991,29.1,6.4,"2,394",70.4,-3.3,810,23.82,350,10.29,444,495,0.9,33.1,798,"1,855",43.0,12.6,859,"1,854",46.3,720,251,34.9,"2,282",67.1,17.6
Sacred Heart (NEC),,237,650,20.3,540,16.9,15,"1,079",33.72,407,586,69.5,300,9.38,7.4,16,16,50.0,"1,187",37.1,-3.4,"2,313",72.3,1.8,779,24.34,464,14.5,440,373,1.18,36.5,864,"1,898",45.5,12.7,821,"1,888",43.5,771,272,35.3,"2,372",74.1,18.3
Saint Francis (PA) (NEC),,193,576,19.2,532,17.7,6,"1,038",34.6,336,551,61.0,357,11.9,6.4,8,22,26.7,"1,024",34.1,0.5,"2,181",72.7,-7.5,681,22.7,356,11.87,367,412,0.89,33.5,713,"1,682",42.4,11.2,769,"1,685",45.6,640,222,34.7,"1,955",65.2,18.4
Saint Joseph's (Atlantic 10),,351,996,28.5,534,15.3,7,"1,253",35.8,434,598,72.6,353,10.09,10.0,21,14,60.0,"1,229",35.1,0.7,"2,469",70.5,4.9,900,25.71,427,12.2,513,401,1.28,35.2,928,"2,084",44.5,12.4,873,"2,080",42.0,884,292,33.0,"2,641",75.5,17.1
Saint Louis (Atlantic 10),,259,705,21.4,596,18.1,14,"1,107",33.55,524,699,75.0,287,8.7,7.8,13,20,39.4,"1,155",35.0,-1.5,"2,620",79.4,-4.5,820,24.85,335,10.15,426,388,1.1,36.7,845,"1,873",45.1,15.9,906,"1,965",46.1,830,303,36.5,"2,473",74.9,21.2
Saint Mary's (CA) (WCC),,258,733,21.6,556,16.4,12,"1,345",39.56,386,571,67.6,448,13.18,7.6,26,8,76.5,942,27.7,11.9,"2,013",59.2,14.8,897,26.38,369,10.85,550,347,1.59,35.2,936,"2,007",46.6,11.4,712,"1,797",39.6,532,167,31.4,"2,516",74.0,16.8
Saint Peter's (MAAC),15,192,590,17.9,640,19.4,9,"1,161",35.18,508,713,71.2,411,12.45,5.8,19,14,57.6,"1,106",33.5,1.7,"2,113",64.0,0.8,750,22.73,449,13.61,350,414,0.85,32.5,720,"1,830",39.3,15.4,707,"1,696",41.7,590,193,32.7,"2,140",64.8,21.6
Sam Houston (CUSA),,245,697,21.1,596,18.1,9,"1,255",38.03,480,663,72.4,393,11.91,7.4,21,12,63.6,"1,133",34.3,3.7,"2,282",69.2,3.0,862,26.12,445,13.48,425,435,0.98,35.2,828,"1,948",42.5,14.5,794,"1,862",42.6,726,230,31.7,"2,381",72.2,20.1
Samford (SoCon),13,351,889,25.4,667,19.1,12,"1,252",35.77,553,765,72.3,371,10.6,10.0,29,6,82.9,"1,255",35.9,-0.1,"2,607",74.5,11.6,881,25.17,583,16.66,619,455,1.36,39.5,"1,054","2,152",49.0,15.8,897,"2,068",43.4,822,278,33.8,"3,012",86.1,21.9
San Diego (WCC),,233,677,20.5,628,19.0,13,"1,128",34.18,461,633,72.8,331,10.03,7.1,18,15,54.5,"1,237",37.5,-3.3,"2,550",77.3,-4.8,797,24.15,439,13.3,432,437,0.99,34.4,849,"1,978",42.9,14.0,885,"1,941",45.6,776,261,33.6,"2,392",72.5,19.2
San Diego St. (Mountain West),5,259,822,22.2,647,17.5,9,"1,398",37.78,575,784,73.3,432,11.68,7.0,26,11,70.3,"1,245",33.6,4.1,"2,467",66.7,7.4,966,26.11,460,12.43,481,413,1.16,31.5,954,"2,167",44.0,15.5,857,"2,117",40.5,867,269,31.0,"2,742",74.1,21.2
San Francisco (WCC),,293,825,24.3,622,18.3,12,"1,159",34.09,360,477,75.5,320,9.41,8.6,23,11,67.6,"1,030",30.3,3.8,"2,262",66.5,11.2,839,24.68,473,13.91,554,392,1.41,35.5,995,"2,044",48.7,10.6,776,"1,814",42.8,692,231,33.4,"2,643",77.7,14.0
San Jose St. (Mountain West),,267,778,24.3,547,17.1,9,986,30.81,297,423,70.2,252,7.88,8.3,9,23,28.1,"1,147",35.8,-5.0,"2,403",75.1,-5.5,734,22.94,343,10.72,433,336,1.29,34.3,832,"1,856",44.8,9.3,854,"1,804",47.3,638,247,38.7,"2,228",69.6,13.2
Santa Clara (WCC),,271,766,23.2,584,17.7,8,"1,296",39.27,443,620,71.5,397,12.03,8.2,20,13,60.6,"1,065",32.3,7.0,"2,384",72.2,4.7,899,27.24,337,10.21,497,422,1.18,35.4,912,"1,984",46.0,13.4,843,"1,984",42.5,733,230,31.4,"2,538",76.9,18.8
Seattle U (WAC),,281,811,21.9,683,18.5,23,"1,369",37.0,537,730,73.6,373,10.08,7.6,23,14,62.2,"1,210",32.7,4.3,"2,471",66.8,7.0,996,26.92,457,12.35,481,470,1.02,34.6,956,"2,143",44.6,14.5,871,"2,115",41.2,720,210,29.2,"2,730",73.8,19.7
Seton Hall (Big East),,229,681,18.4,562,15.2,5,"1,379",37.27,527,674,78.2,445,12.03,6.2,25,12,67.6,"1,202",32.5,4.8,"2,587",69.9,3.9,934,25.24,450,12.16,481,466,1.03,33.6,987,"2,184",45.2,14.2,926,"2,193",42.2,931,307,33.0,"2,730",73.8,18.2
Siena (MAAC),,169,603,18.8,491,15.3,5,"1,132",35.38,361,541,66.7,375,11.72,5.3,4,28,12.5,"1,100",34.4,1.0,"2,382",74.4,-14.0,757,23.66,318,9.94,342,505,0.68,28.0,702,"1,758",39.9,11.3,880,"1,922",45.8,656,231,35.2,"1,934",60.4,16.9
South Alabama (Sun Belt),,239,692,21.6,532,16.6,9,"1,057",33.03,458,611,75.0,254,7.94,7.5,16,16,50.0,"1,238",38.7,-5.7,"2,421",75.7,-1.7,803,25.09,388,12.13,341,362,0.94,34.5,835,"1,886",44.3,14.3,874,"1,948",44.9,694,220,31.7,"2,367",74.0,19.1
South Carolina (SEC),6,274,809,23.8,550,16.2,5,"1,210",35.59,446,627,71.1,387,11.38,8.1,26,8,76.5,"1,111",32.7,2.9,"2,297",67.6,4.5,823,24.21,332,9.76,524,344,1.52,33.9,865,"1,970",43.9,13.1,825,"1,913",43.1,599,203,33.9,"2,450",72.1,18.4
South Carolina St. (MEAC),,200,620,19.4,666,20.8,9,"1,203",37.59,477,692,68.9,477,14.91,6.3,14,18,43.8,"1,075",33.6,4.0,"2,390",74.7,-4.5,726,22.69,487,15.22,435,487,0.89,32.3,784,"1,914",41.0,14.9,778,"1,719",45.3,644,219,34.0,"2,245",70.2,21.6
South Dakota (Summit League),,251,669,20.9,511,16.0,12,"1,198",37.44,433,583,74.3,334,10.44,7.8,12,20,37.5,"1,102",34.4,3.0,"2,535",79.2,-3.2,864,27.0,281,8.78,391,411,0.95,37.5,875,"1,916",45.7,13.5,930,"2,063",45.1,796,286,35.9,"2,434",76.1,18.2
South Dakota St. (Summit League),15,300,823,23.5,501,14.3,7,"1,240",35.43,421,593,71.0,289,8.26,8.6,22,13,62.9,"1,173",33.5,1.9,"2,490",71.1,5.3,951,27.17,395,11.29,450,395,1.14,36.5,977,"2,029",48.2,12.0,876,"2,079",42.1,978,341,34.9,"2,675",76.4,16.9
South Fla. (AAC),,295,804,24.4,568,17.2,7,"1,189",36.03,530,719,73.7,328,9.94,8.9,25,8,75.8,"1,213",36.8,-0.7,"2,288",69.3,6.4,861,26.09,420,12.73,491,356,1.38,36.7,837,"1,900",44.1,16.1,806,"1,924",41.9,730,230,31.5,"2,499",75.7,21.8
Southeast Mo. St. (OVC),,192,631,20.4,606,19.5,8,984,31.74,358,512,69.9,279,9.0,6.2,9,22,29.0,"1,120",36.1,-4.4,"2,278",73.5,-6.5,705,22.74,392,12.65,383,371,1.03,30.4,764,"1,848",41.3,11.5,802,"1,733",46.3,522,160,30.7,"2,078",67.0,16.5
Southeastern La. (Southland),,235,677,21.2,523,16.3,9,"1,120",35.0,446,613,72.8,343,10.72,7.3,15,17,46.9,"1,074",33.6,1.4,"2,271",71.0,-1.9,777,24.28,382,11.94,463,442,1.05,34.7,764,"1,769",43.2,13.9,800,"1,848",43.3,823,265,32.2,"2,209",69.0,19.2
Southern California (Pac-12),,252,709,21.5,560,17.0,10,"1,123",34.03,450,649,69.3,331,10.03,7.6,15,18,45.5,"1,189",36.0,-2.0,"2,452",74.3,-0.2,792,24.0,438,13.27,515,418,1.23,35.5,872,"1,932",45.1,13.6,855,"1,981",43.2,768,280,36.5,"2,446",74.1,19.7
Southern Ill. (MVC),,264,761,23.8,579,18.1,10,"1,055",32.97,479,629,76.2,270,8.44,8.3,19,13,59.4,"1,023",32.0,1.0,"2,183",68.2,4.4,785,24.53,346,10.81,456,356,1.28,34.7,791,"1,746",45.3,15.0,789,"1,747",45.2,537,163,30.4,"2,325",72.7,19.7
Southern Miss. (Sun Belt),,201,614,19.2,550,17.2,19,"1,177",36.78,485,693,70.0,343,10.72,6.3,16,16,50.0,"1,172",36.6,0.2,"2,273",71.0,-1.2,834,26.06,392,12.25,376,411,0.91,32.7,775,"1,826",42.4,15.2,814,"1,889",43.1,663,226,34.1,"2,236",69.9,21.7
Southern U. (SWAC),,221,684,21.4,631,19.7,18,"1,020",31.88,440,653,67.4,312,9.75,6.9,18,14,56.3,"1,064",33.3,-1.4,"2,198",68.7,2.4,708,22.13,528,16.5,440,456,0.96,32.3,807,"1,829",44.1,13.8,729,"1,676",43.5,606,193,31.8,"2,275",71.1,20.4
Southern Utah (WAC),,195,649,20.9,548,17.7,12,"1,049",33.84,491,674,72.8,322,10.39,6.3,10,21,32.3,"1,158",37.4,-3.5,"2,406",77.6,-2.6,727,23.45,388,12.52,375,373,1.01,30.0,820,"1,861",44.1,15.8,904,"1,894",47.7,522,178,34.1,"2,326",75.0,21.7
St. Bonaventure (Atlantic 10),,251,687,20.8,553,16.8,16,"1,087",32.94,467,603,77.4,320,9.7,7.6,20,13,60.6,"1,060",32.1,0.8,"2,265",68.6,4.8,767,23.24,426,12.91,412,358,1.15,36.5,853,"1,872",45.6,14.2,798,"1,799",44.4,732,245,33.5,"2,424",73.5,18.3
St. John's (NY) (Big East),,237,696,21.1,593,18.0,9,"1,279",38.76,425,584,72.8,476,14.42,7.2,20,13,60.6,"1,106",33.5,5.2,"2,374",71.9,6.9,803,24.33,426,12.91,518,360,1.44,34.1,970,"2,139",45.3,12.9,824,"1,904",43.3,683,239,35.0,"2,602",78.8,17.7
Stanford (Pac-12),,286,774,24.2,490,15.3,10,"1,097",34.28,393,540,72.8,248,7.75,8.9,14,18,43.8,"1,140",35.6,-1.3,"2,447",76.5,-0.1,849,26.53,358,11.19,515,410,1.26,37.0,882,"1,886",46.8,12.3,913,"2,020",45.2,759,271,35.7,"2,443",76.3,16.9
Stetson (ASUN),16,313,857,24.5,516,14.7,9,"1,216",34.74,474,619,76.6,339,9.69,8.9,22,13,62.9,"1,214",34.7,0.1,"2,566",73.3,3.5,877,25.06,335,9.57,465,369,1.26,36.5,950,"2,053",46.3,13.5,957,"2,168",44.1,823,276,33.5,"2,687",76.8,17.7
Stony Brook (CAA),,277,775,22.1,532,15.2,4,"1,280",36.57,454,614,73.9,336,9.6,7.9,20,15,57.1,"1,299",37.1,-0.5,"2,531",72.3,1.2,944,26.97,370,10.57,424,359,1.18,35.7,921,"2,101",43.8,13.0,908,"2,148",42.3,901,313,34.7,"2,573",73.5,17.5
Syracuse (ACC),,219,651,20.3,493,15.4,9,"1,064",33.25,457,634,72.1,277,8.66,6.8,20,12,62.5,"1,203",37.6,-4.3,"2,420",75.6,0.7,787,24.59,463,14.47,442,364,1.21,33.6,883,"1,915",46.1,14.3,899,"1,964",45.8,732,250,34.2,"2,442",76.3,19.8
TCU (Big 12),9,224,632,18.6,593,17.4,4,"1,263",37.15,535,732,73.1,433,12.74,6.6,21,13,61.8,"1,103",32.4,4.7,"2,439",71.7,7.3,830,24.41,501,14.74,575,438,1.31,35.4,964,"2,089",46.1,15.7,867,"1,932",44.9,678,224,33.0,"2,687",79.0,21.5
Temple (AAC),,296,931,25.9,610,16.9,13,"1,304",36.22,503,709,70.9,406,11.28,8.2,16,20,44.4,"1,400",38.9,-2.7,"2,624",72.9,-2.0,898,24.94,430,11.94,402,357,1.13,31.8,876,"2,214",39.6,14.0,912,"2,085",43.7,807,259,32.1,"2,551",70.9,19.7
Tennessee (SEC),2,315,915,25.4,629,17.5,9,"1,393",38.69,563,750,75.1,419,11.64,8.8,27,9,75.0,"1,265",35.1,3.6,"2,426",67.4,11.4,974,27.06,469,13.03,600,367,1.63,34.4,979,"2,223",44.0,15.6,814,"2,091",38.9,859,268,31.2,"2,836",78.8,20.8
Tennessee St. (OVC),,217,667,20.2,644,19.5,15,"1,144",34.67,519,687,75.5,327,9.91,6.6,18,15,54.5,"1,173",35.5,-0.9,"2,343",71.0,1.7,817,24.76,443,13.42,396,436,0.91,32.5,832,"1,881",44.2,15.7,790,"1,873",42.2,632,208,32.9,"2,400",72.7,20.8
Tennessee Tech (OVC),,202,608,19.6,421,13.6,4,957,30.87,371,522,71.1,191,6.16,6.5,10,21,32.3,"1,113",35.9,-5.0,"2,289",73.8,-6.5,766,24.71,323,10.42,379,369,1.03,33.2,758,"1,692",44.8,12.0,857,"1,867",45.9,690,243,35.2,"2,089",67.4,16.8
Texas (Big 12),7,245,691,20.3,587,17.3,12,"1,179",34.68,454,600,75.7,339,9.97,7.2,21,13,61.8,"1,158",34.1,0.6,"2,342",68.9,6.5,840,24.71,438,12.88,512,393,1.3,35.5,932,"1,988",46.9,13.4,826,"1,940",42.6,637,214,33.6,"2,563",75.4,17.6
Texas A&M (SEC),9,255,869,24.1,611,17.0,16,"1,541",42.81,629,890,70.7,627,17.42,7.1,21,15,58.3,"1,212",33.7,9.1,"2,591",72.0,4.0,914,25.39,409,11.36,412,346,1.19,29.3,926,"2,304",40.2,17.5,898,"2,095",42.9,940,318,33.8,"2,736",76.0,24.7
Texas Southern (SWAC),,242,766,23.2,610,18.5,16,"1,165",35.3,432,597,72.4,365,11.06,7.3,16,17,48.5,"1,202",36.4,-1.1,"2,346",71.1,-0.9,800,24.24,418,12.67,384,415,0.93,31.6,821,"1,980",41.5,13.1,799,"1,882",42.5,684,221,32.3,"2,316",70.2,18.1
Texas St. (Sun Belt),,159,488,13.9,617,17.6,9,"1,243",35.51,520,747,69.6,388,11.09,4.5,17,18,48.6,"1,182",33.8,1.7,"2,452",70.1,-0.2,855,24.43,453,12.94,413,470,0.88,32.6,883,"1,988",44.4,14.9,853,"1,954",43.7,687,220,32.0,"2,445",69.9,21.3
Texas Tech (Big 12),6,289,804,23.6,508,14.9,8,"1,188",34.94,518,664,78.0,338,9.94,8.5,23,11,67.6,"1,148",33.8,1.2,"2,368",69.6,5.7,850,25.0,389,11.44,501,378,1.33,35.9,877,"1,943",45.1,15.2,864,"2,009",43.0,776,250,32.2,"2,561",75.3,19.5
The Citadel (SoCon),,197,600,18.8,447,14.0,6,"1,094",34.19,425,602,70.6,300,9.38,6.2,11,21,34.4,"1,034",32.3,1.9,"2,289",71.5,-0.9,794,24.81,354,11.06,359,385,0.93,32.8,819,"1,782",46.0,13.3,860,"1,878",45.8,749,263,35.1,"2,260",70.6,18.8
Toledo (MAC),,207,550,17.2,498,15.6,8,"1,081",33.78,513,680,75.4,318,9.94,6.5,20,12,62.5,"1,076",33.6,0.2,"2,436",76.1,3.9,763,23.84,418,13.06,430,342,1.26,37.6,920,"1,926",47.8,16.0,916,"1,909",48.0,710,242,34.1,"2,560",80.0,21.3
Towson (CAA),,216,659,19.4,565,16.6,12,"1,337",39.32,444,672,66.1,491,14.44,6.4,20,14,58.8,"1,050",30.9,8.4,"2,164",63.6,3.9,846,24.88,375,11.03,381,413,0.92,32.8,818,"1,934",42.3,13.1,770,"1,833",42.0,676,222,32.8,"2,296",67.5,19.8
Troy (Sun Belt),,276,787,24.6,611,19.1,14,"1,230",38.44,552,753,73.3,427,13.34,8.6,20,12,62.5,"1,097",34.3,4.2,"2,261",70.7,8.9,803,25.09,496,15.5,438,441,0.99,35.1,859,"1,950",44.1,17.3,777,"1,815",42.8,609,213,35.0,"2,546",79.6,23.5
Tulane (AAC),,233,653,21.1,530,17.1,9,"1,030",33.23,595,813,73.2,217,7.0,7.5,14,17,45.2,"1,222",39.4,-6.2,"2,481",80.0,1.9,813,26.23,401,12.94,440,347,1.27,35.7,856,"1,798",47.6,19.2,869,"1,999",43.5,838,292,34.8,"2,540",81.9,26.2
Tulsa (AAC),,239,731,23.6,543,17.5,8,"1,091",35.19,528,717,73.6,270,8.71,7.7,16,15,51.6,"1,175",37.9,-2.7,"2,290",73.9,1.1,821,26.48,402,12.97,392,403,0.97,32.7,779,"1,775",43.9,17.0,800,"1,872",42.7,721,233,32.3,"2,325",75.0,23.1
UAB (AAC),12,215,658,18.8,555,15.9,15,"1,329",37.97,622,834,74.6,451,12.89,6.1,23,12,65.7,"1,215",34.7,3.3,"2,627",75.1,2.4,878,25.09,403,11.51,473,406,1.17,32.7,937,"2,085",44.9,17.8,943,"2,122",44.4,779,268,34.4,"2,711",77.5,23.8
UAlbany (America East),,250,757,23.7,621,19.4,19,"1,153",36.03,431,594,72.6,364,11.38,7.8,13,19,40.6,"1,152",36.0,0.0,"2,521",78.8,-0.1,789,24.66,415,12.97,411,425,0.97,33.0,918,"2,059",44.6,13.5,907,"1,944",46.7,576,167,29.0,"2,517",78.7,18.6
UC Davis (Big West),,230,684,20.7,633,19.2,11,"1,102",33.39,523,699,74.8,327,9.91,7.0,20,13,60.6,"1,115",33.8,-0.4,"2,246",68.1,3.2,775,23.48,481,14.58,411,444,0.93,33.6,799,"1,808",44.2,15.8,777,"1,803",43.1,601,192,31.9,"2,351",71.2,21.2
UC Irvine (Big West),,197,565,16.6,624,18.4,4,"1,287",37.85,508,675,75.3,360,10.59,5.8,24,10,70.6,"1,120",32.9,4.9,"2,321",68.3,9.4,927,27.26,421,12.38,529,393,1.35,34.9,967,"2,035",47.5,14.9,817,"1,984",41.2,603,201,33.3,"2,639",77.6,19.9
UC Riverside (Big West),,287,904,26.6,586,17.2,9,"1,256",36.94,433,604,71.7,420,12.35,8.4,16,18,47.1,"1,209",35.6,1.4,"2,448",72.0,-1.3,836,24.59,377,11.09,446,326,1.37,31.7,842,"2,122",39.7,12.7,877,"1,901",46.1,632,225,35.6,"2,404",70.7,17.8
UC Santa Barbara (Big West),,187,519,16.7,511,16.5,11,"1,081",34.87,498,677,73.6,252,8.13,6.0,16,15,51.6,993,32.0,2.8,"2,280",73.5,1.8,829,26.74,310,10.0,417,405,1.03,36.0,826,"1,684",49.0,16.1,848,"1,871",45.3,636,208,32.7,"2,337",75.4,21.8
UCF (Big 12),,225,698,21.2,601,18.2,19,"1,243",37.67,507,723,70.1,408,12.36,6.8,17,16,51.5,"1,140",34.5,3.1,"2,242",67.9,3.8,835,25.3,469,14.21,375,413,0.91,32.2,817,"1,945",42.0,15.4,741,"1,800",41.2,712,242,34.0,"2,366",71.7,21.9
UCLA (Pac-12),,183,552,16.7,609,18.5,12,"1,115",33.79,470,644,73.0,339,10.27,5.5,16,17,48.5,"1,074",32.5,1.2,"2,160",65.5,0.5,776,23.52,388,11.76,368,358,1.03,33.2,762,"1,820",41.9,14.2,741,"1,747",42.4,748,249,33.3,"2,177",66.0,19.5
UConn (Big East),1,340,951,23.8,650,16.3,8,"1,553",38.83,562,756,74.3,469,11.73,8.5,37,3,92.5,"1,204",30.1,8.7,"2,536",63.4,18.0,"1,084",27.1,422,10.55,748,383,1.95,35.8,"1,177","2,367",49.7,14.1,894,"2,278",39.2,749,234,31.2,"3,256",81.4,18.9
UIC (MVC),,287,790,23.9,583,17.7,10,"1,110",33.64,344,500,68.8,271,8.21,8.7,12,21,36.4,"1,216",36.8,-3.2,"2,361",71.5,-1.3,839,25.42,402,12.18,459,408,1.13,36.3,844,"1,927",43.8,10.4,818,"1,920",42.6,668,212,31.7,"2,319",70.3,15.2
UIW (Southland),,236,712,23.0,589,19.0,8,"1,133",36.55,468,644,72.7,333,10.74,7.6,8,23,25.8,"1,100",35.5,1.1,"2,436",78.6,-6.3,800,25.81,346,11.16,377,495,0.76,33.1,768,"1,795",42.8,15.1,841,"1,871",44.9,639,228,35.7,"2,240",72.3,20.8
ULM (Sun Belt),,152,513,17.1,539,18.0,14,"1,133",37.77,442,665,66.5,396,13.2,5.1,11,19,36.7,"1,047",34.9,2.9,"2,233",74.4,-4.6,737,24.57,368,12.27,381,374,1.02,29.6,751,"1,788",42.0,14.7,747,"1,718",43.5,776,273,35.2,"2,096",69.9,22.2
UMBC (America East),,255,714,22.3,505,15.8,10,"1,179",36.84,352,504,69.8,304,9.5,8.0,11,21,34.4,"1,260",39.4,-2.5,"2,583",80.7,-2.1,875,27.34,364,11.38,417,418,1.0,35.7,955,"2,049",46.6,11.0,948,"2,131",44.5,769,242,31.5,"2,517",78.7,15.8
UMES (MEAC),,168,570,19.7,508,17.5,8,"1,014",34.97,386,540,71.5,315,10.86,5.8,9,20,31.0,"1,079",37.2,-2.2,"2,046",70.6,-5.4,699,24.1,395,13.62,312,399,0.78,29.5,668,"1,664",40.1,13.3,722,"1,650",43.8,585,192,32.8,"1,890",65.2,18.6
UMass Lowell (America East),,186,566,17.7,480,15.0,14,"1,305",40.78,549,746,73.6,367,11.47,5.8,22,10,68.8,"1,064",33.3,7.5,"2,261",70.7,9.4,938,29.31,378,11.81,406,425,0.96,32.9,913,"1,924",47.5,17.2,851,"2,055",41.4,701,201,28.7,"2,561",80.0,23.3
UNC Asheville (Big South),,277,759,22.3,581,17.1,9,"1,182",34.76,593,799,74.2,319,9.38,8.1,22,12,64.7,"1,204",35.4,-0.6,"2,485",73.1,5.8,863,25.38,434,12.76,534,403,1.33,36.5,906,"1,950",46.5,17.4,884,"2,054",43.0,745,240,32.2,"2,682",78.9,23.5
UNC Greensboro (SoCon),,322,812,25.4,549,17.2,6,"1,133",35.41,370,507,73.0,319,9.97,10.1,21,11,65.6,"1,083",33.8,1.6,"2,233",69.8,5.9,814,25.44,371,11.59,473,349,1.36,39.7,865,"1,878",46.1,11.6,749,"1,826",41.0,803,266,33.1,"2,422",75.7,15.8
UNCW (CAA),,258,741,23.9,527,17.0,8,"1,066",34.39,477,628,76.0,330,10.65,8.3,21,10,67.7,"1,076",34.7,-0.3,"2,202",71.0,8.4,736,23.74,383,12.35,379,266,1.42,34.8,863,"1,871",46.1,15.4,792,"1,762",44.9,645,226,35.0,"2,461",79.4,20.3
UNI (MVC),,238,690,20.9,547,16.6,7,"1,117",33.85,493,697,70.7,265,8.03,7.2,19,14,57.6,"1,092",33.1,0.8,"2,346",71.1,2.2,852,25.82,375,11.36,414,340,1.22,34.5,843,"1,849",45.6,14.9,826,"1,856",44.5,770,266,34.5,"2,417",73.2,21.1
UNLV (Mountain West),,231,685,20.1,540,15.9,12,"1,164",34.24,458,633,72.4,350,10.29,6.8,21,13,61.8,"1,148",33.8,0.5,"2,341",68.9,4.7,814,23.94,420,12.35,450,376,1.2,33.7,906,"1,959",46.2,13.5,835,"1,954",42.7,757,243,32.1,"2,501",73.6,18.6
USC Upstate (Big South),,230,691,23.0,589,19.6,14,950,31.67,340,530,64.2,262,8.73,7.7,10,20,33.3,"1,138",37.9,-6.3,"2,188",72.9,-1.9,688,22.93,403,13.43,375,346,1.08,33.3,780,"1,753",44.5,11.3,737,"1,649",44.7,599,189,31.6,"2,130",71.0,17.7
UT Arlington (WAC),,305,861,25.3,706,20.8,22,"1,275",37.5,549,747,73.5,404,11.88,9.0,20,14,58.8,"1,143",33.6,3.9,"2,492",73.3,3.6,871,25.62,465,13.68,536,526,1.02,35.4,880,"1,981",44.4,16.1,828,"1,961",42.2,691,240,34.7,"2,614",76.9,22.0
UT Martin (OVC),,279,779,24.3,455,14.2,4,"1,319",41.22,514,667,77.1,325,10.16,8.7,21,11,65.6,"1,220",38.1,3.1,"2,455",76.7,4.8,994,31.06,340,10.63,415,366,1.13,35.8,908,"2,045",44.4,16.1,904,"2,170",41.7,886,288,32.5,"2,609",81.5,20.8
UTEP (CUSA),,194,609,17.9,677,19.9,12,"1,124",33.06,558,809,69.0,361,10.62,5.7,18,16,52.9,"1,170",34.4,-1.4,"2,348",69.1,3.6,763,22.44,636,18.71,439,500,0.88,31.9,859,"1,922",44.7,16.4,798,"1,768",45.1,608,194,31.9,"2,470",72.6,23.8
UTRGV (WAC),,160,547,17.6,563,18.2,18,"1,037",33.45,513,728,70.5,290,9.35,5.2,6,25,19.4,"1,223",39.5,-6.0,"2,473",79.8,-9.4,747,24.1,448,14.45,400,434,0.92,29.3,754,"1,801",41.9,16.5,890,"1,898",46.9,638,221,34.6,"2,181",70.4,23.5
UTSA (AAC),,311,922,28.8,573,17.9,17,"1,289",40.28,498,701,71.0,419,13.09,9.7,11,21,34.4,"1,221",38.2,2.1,"2,591",81.0,-3.4,870,27.19,303,9.47,444,360,1.23,33.7,837,"2,040",41.0,15.6,908,"2,032",44.7,761,280,36.8,"2,483",77.6,21.9
Utah (Pac-12),,345,933,25.2,587,15.9,5,"1,438",38.86,406,625,65.0,370,10.0,9.3,22,15,59.5,"1,344",36.3,2.5,"2,708",73.2,5.6,"1,068",28.86,375,10.14,654,426,1.54,37.0,"1,082","2,309",46.9,11.0,"1,002","2,347",42.7,855,287,33.6,"2,915",78.8,16.9
Utah St. (Mountain West),8,226,678,19.4,594,17.0,6,"1,254",35.83,564,783,72.0,332,9.49,6.5,28,7,80.0,"1,157",33.1,2.8,"2,497",71.3,8.3,922,26.34,417,11.91,572,385,1.49,33.3,999,"2,036",49.1,16.1,906,"2,070",43.8,755,221,29.3,"2,788",79.7,22.4
Utah Valley (WAC),,154,540,16.9,578,18.1,8,"1,179",36.84,443,655,67.6,335,10.47,4.8,16,16,50.0,"1,148",35.9,1.0,"2,195",68.6,0.1,844,26.38,409,12.78,477,395,1.21,28.5,801,"1,851",43.3,13.8,774,"1,834",42.2,629,202,32.1,"2,199",68.7,20.5
VCU (Atlantic 10),,322,911,24.0,625,16.4,5,"1,336",35.16,563,721,78.1,343,9.03,8.5,24,14,63.2,"1,259",33.1,2.0,"2,534",66.7,4.3,993,26.13,425,11.18,515,462,1.11,35.3,906,"2,059",44.0,14.8,870,"2,138",40.7,831,260,31.3,"2,697",71.0,19.0
VMI (SoCon),,210,673,21.0,539,16.8,15,"1,170",36.56,358,517,69.2,299,9.34,6.6,4,28,12.5,"1,250",39.1,-2.5,"2,644",82.6,-13.8,871,27.22,375,11.72,335,507,0.66,31.2,818,"1,935",42.3,11.2,969,"2,092",46.3,821,293,35.7,"2,204",68.9,16.2
Valparaiso (MVC),,234,721,22.5,521,16.3,7,"1,064",33.25,337,471,71.5,320,10.0,7.3,7,25,21.9,"1,233",38.5,-5.3,"2,416",75.5,-7.9,744,23.25,396,12.38,384,353,1.09,32.5,796,"1,961",40.6,10.5,893,"1,870",47.8,661,234,35.4,"2,163",67.6,14.7
Vanderbilt (SEC),,209,738,23.1,489,15.3,3,"1,102",34.44,468,660,70.9,344,10.75,6.5,9,23,28.1,"1,189",37.2,-2.7,"2,428",75.9,-8.0,758,23.69,347,10.84,300,333,0.9,28.3,748,"1,877",39.9,14.6,858,"1,881",45.6,744,278,37.4,"2,173",67.9,20.6
Vermont (America East),13,300,878,25.1,488,13.9,2,"1,212",34.63,406,567,71.6,268,7.66,8.6,28,7,80.0,"1,183",33.8,0.8,"2,205",63.0,8.6,944,26.97,351,10.03,478,322,1.48,34.2,900,"1,980",45.5,11.6,805,"1,982",40.6,710,223,31.4,"2,506",71.6,16.2
Villanova (Big East),,315,933,27.4,520,15.3,5,"1,184",34.82,421,521,80.8,288,8.47,9.3,18,16,52.9,"1,157",34.0,0.8,"2,231",65.6,4.6,896,26.35,361,10.62,437,327,1.34,33.8,826,"1,945",42.5,12.4,788,"1,926",40.9,872,286,32.8,"2,388",70.2,15.3
Virginia (ACC),10,220,615,18.1,460,13.5,5,"1,107",32.56,304,477,63.7,298,8.76,6.5,23,11,67.6,"1,181",34.7,-2.2,"2,031",59.7,3.2,809,23.79,408,12.0,509,274,1.86,35.8,808,"1,887",42.8,8.9,732,"1,805",40.6,715,218,30.5,"2,140",62.9,14.0
Virginia Tech (ACC),,276,792,23.3,540,15.9,10,"1,101",32.38,499,629,79.3,263,7.74,8.1,19,15,55.9,"1,085",31.9,0.5,"2,413",71.0,3.9,838,24.65,391,11.5,514,376,1.37,34.8,886,"1,905",46.5,14.7,879,"1,943",45.2,658,223,33.9,"2,547",74.9,18.5
Wagner (NEC),16,238,727,22.0,507,15.4,8,"1,183",35.85,349,496,70.4,369,11.18,7.2,17,16,51.5,"1,162",35.2,0.6,"2,083",63.1,0.6,814,24.67,367,11.12,421,326,1.29,32.7,758,"1,913",39.6,10.6,753,"1,786",42.2,727,218,30.0,"2,103",63.7,15.0
Wake Forest (ACC),,278,764,21.8,542,15.5,9,"1,197",34.2,519,653,79.5,296,8.46,7.9,21,14,60.0,"1,140",32.6,1.6,"2,473",70.7,7.4,901,25.74,397,11.34,429,375,1.14,36.4,968,"2,042",47.4,14.8,885,"2,045",43.3,725,240,33.1,"2,733",78.1,18.7
Washington (Pac-12),,258,728,22.8,585,18.3,12,"1,151",35.97,459,636,72.2,301,9.41,8.1,17,15,53.1,"1,157",36.2,-0.2,"2,468",77.1,3.5,850,26.56,371,11.59,482,374,1.29,35.4,931,"1,980",47.0,14.3,886,"2,003",44.2,698,235,33.7,"2,579",80.6,19.9
Washington St. (Pac-12),7,223,658,18.8,582,16.6,6,"1,317",37.63,455,646,70.4,391,11.17,6.4,25,10,71.4,"1,107",31.6,6.0,"2,335",66.7,6.8,926,26.46,365,10.43,435,383,1.14,33.9,948,"2,046",46.3,13.0,834,"1,979",42.1,616,200,32.5,"2,574",73.5,18.5
Weber St. (Big Sky),,251,721,22.5,495,15.5,4,"1,025",32.03,477,637,74.9,248,7.75,7.8,20,12,62.5,"1,029",32.2,-0.1,"2,161",67.5,7.9,777,24.28,405,12.66,390,316,1.23,34.8,843,"1,797",46.9,14.9,799,"1,743",45.8,636,220,34.6,"2,414",75.4,19.9
West Virginia (Big 12),,233,667,20.8,487,15.2,9,"1,080",33.75,467,662,70.5,293,9.16,7.3,9,23,28.1,"1,147",35.8,-2.1,"2,459",76.8,-7.0,787,24.59,332,10.38,417,405,1.03,34.9,767,"1,784",43.0,14.6,878,"1,969",44.6,846,296,35.0,"2,234",69.8,20.7
Western Caro. (SoCon),,261,713,22.3,536,16.8,7,"1,269",39.66,394,553,71.2,335,10.47,8.2,22,10,68.8,"1,107",34.6,5.1,"2,198",68.7,8.2,934,29.19,311,9.72,367,330,1.11,36.6,902,"1,963",46.0,12.3,789,"1,934",40.8,612,201,32.8,"2,459",76.8,17.3
Western Ill. (OVC),,195,611,18.5,470,14.2,2,"1,397",42.33,425,691,61.5,482,14.61,5.9,21,12,63.6,"1,121",34.0,8.4,"2,167",65.7,3.2,915,27.73,334,10.12,421,436,0.97,31.9,826,"1,936",42.7,12.9,819,"2,018",40.6,626,186,29.7,"2,272",68.8,20.9
Western Kentucky (CUSA),15,233,686,20.2,625,18.4,12,"1,358",39.94,503,699,72.0,361,10.62,6.9,22,12,64.7,"1,243",36.6,3.4,"2,531",74.4,5.8,997,29.32,480,14.12,454,470,0.97,34.0,996,"2,138",46.6,14.8,889,"2,144",41.5,877,279,31.8,"2,728",80.2,20.6
Western Mich. (MAC),,253,747,23.3,550,17.2,10,"1,212",37.88,372,595,62.5,402,12.56,7.9,12,20,37.5,"1,128",35.3,2.6,"2,396",74.9,-3.6,810,25.31,352,11.0,418,428,0.98,33.9,828,"1,912",43.3,11.6,857,"1,930",44.4,736,251,34.1,"2,281",71.3,18.6
Wichita St. (AAC),,220,660,19.4,522,15.4,7,"1,339",39.38,385,552,69.7,396,11.65,6.5,15,19,44.1,"1,207",35.5,3.9,"2,484",73.1,-0.3,943,27.74,348,10.24,413,419,0.99,33.3,935,"2,091",44.7,11.3,895,"2,126",42.1,809,264,32.6,"2,475",72.8,16.2
William & Mary (CAA),,296,916,27.8,560,17.0,11,"1,161",35.18,435,620,70.2,341,10.33,9.0,10,23,30.3,"1,192",36.1,-0.9,"2,380",72.1,-2.3,820,24.85,323,9.79,407,357,1.14,32.3,787,"1,910",41.2,13.2,840,"1,890",44.4,695,230,33.1,"2,305",69.8,18.8
Winthrop (Big South),,238,697,21.8,570,17.8,18,"1,134",35.44,601,856,70.2,341,10.66,7.4,17,15,53.1,"1,088",34.0,1.4,"2,287",71.5,5.9,793,24.78,426,13.31,380,415,0.92,34.1,818,"1,763",46.4,18.8,785,"1,864",42.1,794,251,31.6,"2,475",77.3,26.8
Wisconsin (Big Ten),5,256,734,20.4,594,16.5,10,"1,224",34.0,528,699,75.5,362,10.06,7.1,22,14,61.1,"1,113",30.9,3.1,"2,520",70.0,4.7,862,23.94,406,11.28,458,358,1.28,34.9,952,"2,067",46.1,14.7,896,"1,961",45.7,672,248,36.9,"2,688",74.7,19.4
Wofford (SoCon),,306,852,26.6,522,16.3,11,"1,190",37.19,330,532,62.0,337,10.53,9.6,17,15,53.1,"1,057",33.0,4.2,"2,362",73.8,0.7,853,26.66,305,9.53,494,373,1.32,35.9,874,"1,905",45.9,10.3,812,"1,875",43.3,800,280,35.0,"2,384",74.5,16.6
Wright St. (Horizon),,218,569,17.8,499,15.6,9,"1,111",34.72,483,638,75.7,290,9.06,6.8,18,14,56.3,"1,041",32.5,2.2,"2,599",81.2,5.3,821,25.66,390,12.19,529,379,1.4,38.3,"1,033","1,948",53.0,15.1,953,"2,011",47.4,760,274,36.1,"2,767",86.5,19.9
Wyoming (Mountain West),,241,648,20.3,500,15.6,16,"1,103",34.47,508,686,74.1,307,9.59,7.5,15,17,46.9,"1,069",33.4,1.1,"2,383",74.5,-1.6,796,24.88,360,11.25,374,408,0.92,37.2,791,"1,755",45.1,15.9,868,"1,914",45.4,767,262,34.2,"2,331",72.8,21.4
Xavier (Big East),,232,678,19.9,572,16.8,11,"1,297",38.15,501,672,74.6,401,11.79,6.8,16,18,47.1,"1,223",36.0,2.2,"2,538",74.6,1.2,896,26.35,389,11.44,551,396,1.39,34.2,923,"2,116",43.6,14.7,921,"2,111",43.6,747,250,33.5,"2,579",75.9,19.8
Yale (Ivy League),13,241,687,20.8,499,15.1,7,"1,205",36.52,386,546,70.7,326,9.88,7.3,23,10,69.7,"1,076",32.6,3.9,"2,226",67.5,7.2,879,26.64,365,11.06,495,316,1.57,35.1,919,"1,969",46.7,11.7,788,"1,873",42.1,784,265,33.8,"2,465",74.7,16.5
Youngstown St. (Horizon),,282,872,27.3,520,16.3,10,"1,279",39.97,454,589,77.1,409,12.78,8.8,22,10,68.8,"1,097",34.3,5.7,"2,269",70.9,10.3,870,27.19,383,11.97,490,353,1.39,32.3,931,"2,064",45.1,14.2,821,"1,966",41.8,722,240,33.2,"2,598",81.2,18.4
